<?xml version="1.0"?>
<package>
    <name>Fontis_Australia</name>
    <version>3.0.0</version>
    <stability>stable</stability>
    <license uri="http://opensource.org/licenses/osl-3.0.php">OSL-3.0</license>
    <channel>community</channel>
    <extends/>
    <summary>Adds Australian states and territories, support for Australia Post and eParcel shipping, direct deposit and BPAY payment methods, and postcode autocomplete for Australian stores.</summary>
    <description>Provides commonly required features for Australian Magento stores. For more information, including screenshots, changelogs and instructions on configuration and usage, please see the Fontis Australia Magento extension page. To stay up-to-date with the latest releases, follow us on Twitter and subscribe to our blog. If you'd like to link to this extension, please link to our extension page which is updated more frequently than this Connect listing. A complete list of our other extensions can be found on our Magento extensions page.</description>
    <notes></notes>
    <authors><author><name>Fontis</name><user>magento</user><email>magento@fontis.com.au</email></author></authors>
    <date>2014-07-18</date>
    <time>07:57:11</time>
    <contents><target name="magecommunity"><dir name="Fontis"><dir name="Australia"><dir name="Block"><file name="Autocomplete.php" hash="d7992ae6ab8ca0e33d72352b27a8352d"/><dir name="Bpay"><file name="Form.php" hash="1b91e0b421297c71bb032e28a0e56e4f"/><file name="Info.php" hash="818df6ce525a9d2eb449e27b279c1575"/></dir><dir name="Directdeposit"><file name="Form.php" hash="37819df18b7e87a37dbd0feefead160d"/><file name="Info.php" hash="1a21c7a3ddff19adc27d23004afb5901"/></dir><dir name="Eparcel"><dir name="Rate"><file name="Export.php" hash="13aa83083535622d67734411016d97b1"/></dir></dir></dir><dir name="controllers"><file name="AddressController.php" hash="007404369a60ac4412832ef963be0945"/><file name="AjaxController.php" hash="e7b05fc7526d866d5d1f64a9eda3fb8b"/><file name="ClickandsendController.php" hash="d1babcb0d02e22e93ee39aeb3c39d68c"/><file name="EparcelController.php" hash="123b4aaa79b325f8556587b36f4752f7"/></dir><dir name="etc"><file name="adminhtml.xml" hash="7a3034da139962630f7bba6354c95c09"/><file name="config.xml" hash="21c3bb7e1554a915962e0b67b26b2417"/><file name="system.xml" hash="1924eda1ab67ff50a87116f8b0c1292e"/></dir><dir name="Helper"><file name="Address.php" hash="b89ea0950270b56eb492dc35d208e7ae"/><file name="Australiapost.php" hash="db9898160a99970d6ef79cc690fa5217"/><file name="Clickandsend.php" hash="10638e2588137b05023882282a87ae23"/><file name="Data.php" hash="fd4797a9bd7e88529cbdece0e253b788"/><file name="Eparcel.php" hash="189023699fe22f5064f07cd71308b782"/></dir><dir name="lib"><file name="composer.json" hash="c9879761c4809d226272ae19ad1d8f85"/><file name="composer.lock" hash="3be28133dc22422f8411e4fd991ab619"/><dir name="vendor"><file name="autoload.php" hash="7fbe0a8428bab61accdf67edbede3cee"/><dir name="composer"><file name="autoload_classmap.php" hash="8645d3a4e3ad87e7cf4d88a46717aab4"/><file name="autoload_namespaces.php" hash="babacf25adf7fad5eba04319de155bd0"/><file name="autoload_psr4.php" hash="dd3a00f0d13eb29781edd8c77d4c5100"/><file name="autoload_real.php" hash="5f794d4de5ebf90f1040c290ecc49611"/><file name="ClassLoader.php" hash="fcb55dfbd14771546673cd1786818996"/><file name="installed.json" hash="17b430ca56114ea13ed160614be1b033"/></dir><dir name="fontis"><dir name="auspost-api-php"><file name="composer.json" hash="a667313e49d4b501dbd4b38d4e37ada6"/><file name="LICENSE" hash="e6a600fd5e1d9cbde2d983680233ad02"/><file name="phpunit.xml.dist" hash="4459d6e185fbae758edb5263b97c8370"/><file name="README.md" hash="7ccc0856f6bab05593685428554140fa"/><dir name="src"><dir name="Auspost"><dir name="Common"><file name="Auspost.php" hash="97921e674589c75b3c9465b08d9fe15c"/><file name="config.json" hash="faa5eb7a888d64d5cfcb15cf7357c0ba"/><file name="Enum.php" hash="1a92b918328f3d36630e483b1ec8502a"/></dir><dir name="DeliveryChoice"><file name="DeliveryChoiceClient.php" hash="736e40b23cce38093dc6d4ee85eafe25"/><dir name="Enum"><file name="Day.php" hash="e441745c03492743a49fd58dce5d0681"/><file name="DeliveryNetwork.php" hash="d518863f2733262b6b9911c727d2259f"/><file name="State.php" hash="8c546468e1b33097aec19d72db9d39b7"/></dir><file name="service.json" hash="f1fdfbdc1da80a27cc862a5459cd5da4"/></dir><dir name="Postage"><dir name="Enum"><file name="EnvelopeType.php" hash="3d84d4f5211992d7316cdb0921b6a011"/><file name="ServiceCode.php" hash="ceb65f64ce3e63e40f68a925cd277dfc"/><file name="ServiceOption.php" hash="4461b9f18030eb396d3500352d886b86"/></dir><file name="PostageClient.php" hash="977f94875f1f3b4272eef2f3e8462961"/><file name="service.json" hash="e3205a23a346db43095b56cfc5f32557"/></dir></dir></dir><dir name="tests"><dir name="Auspost"><dir name="Tests"><dir name="Common"><file name="AuspostTest.php" hash="ba0eae1d0b2ccea940c9baea84730373"/><file name="EnumTest.php" hash="1fc89ddc4e33fd738b03643b1c5b76f9"/></dir><dir name="DeliveryChoice"><file name="DeliveryChoiceClientTest.php" hash="0a8c0d085c921bcd7674dcdd1b5d70a9"/><file name="OperationsTest.php" hash="33fc0733525408e0062a48c08acd27ee"/></dir><dir name="Postage"><file name="OperationsTest.php" hash="21a79d0142316e02d5d08ee07282d584"/><file name="PostageClientTest.php" hash="0aca07b47e43522e04518f82d13b8a9d"/></dir></dir></dir><file name="bootstrap.php" hash="36954fa83f6553d607982487c0176fbb"/><dir name="mock"><dir name="deliverychoice"><file name="list_customer_collection_points" hash="1969c56a76d1a54672bfdd2282f9e1e5"/><file name="list_customer_collection_points_footscray" hash="38792d0244b873f503a3b9c1e19a99ba"/><file name="list_customer_collection_points_hoppers_crossing" hash="b3a68d46f9eb95de39c55e31d8ab81be"/><file name="list_customer_collection_points_invalid_last_update" hash="6b71dd924468d32ea3a017d77ce9d4fe"/><file name="list_customer_collection_points_last_update" hash="4295e48f05972039ab16a37524d04a9e"/><file name="list_customer_collection_points_victoria" hash="9b912a9b99ec1d4314154c2ec0535dd1"/><file name="list_delivery_dates" hash="31379937fc6f284f6ea52a52108d7c45"/><file name="list_delivery_dates_number_of_dates_1" hash="e1db07415960250afaa7f096b0332706"/><file name="list_delivery_dates_number_of_dates_2" hash="86cb802fd5724e16f7a799f0236c863e"/><file name="list_delivery_timeslots" hash="10f2f18e31d97022463b27d9b07b9528"/><file name="list_delivery_timeslots_monday" hash="96f40475f7a070abc66a44ae60f25ada"/><file name="list_postcode_capabilities" hash="7de0b02b1b6e2a7460d1ebd9da63b336"/><file name="list_postcode_capabilities_10" hash="63856f342e6a04239718437d180d00e3"/><file name="list_postcode_capabilities_beverly_hills" hash="3656efd824db2ccca9ff10677c19b4dd"/><file name="list_postcode_capabilities_melbourne" hash="77b88da33242aa3c224074dfe6b79b80"/><file name="list_trackings" hash="c591d11b8150db09db3f130c4ea8e2c9"/><file name="list_trackings_invalid_id" hash="e0212370905c5909850acb26fd9f0633"/><file name="validate_address_correct" hash="e6701ef835718baeb68e1f2a9da1bd8e"/><file name="validate_address_incorrect" hash="d87c44aba98c8783daf921ed9ac800ac"/></dir><dir name="postage"><file name="calculate_domestic_letter_postage_express_small" hash="9705800c2a15aa39aec75eaf745c8968"/><file name="calculate_domestic_letter_postage_regular_large" hash="796d66d0ef73b4fe8dc1f6a32d59fc86"/><file name="calculate_domestic_parcel_postage_regular" hash="82b7bdcd9ee95ec49a5a63d055ddb716"/><file name="calculate_domestic_parcel_postage_regular_extra_cover" hash="b5e1de63bb892f9cfe22d7d09d4dd604"/><file name="calculate_international_letter_postage_eci_platinum" hash="b9f90359d5069f08df4d5c1bfac0206e"/><file name="calculate_international_letter_postage_postcard_air_mail" hash="06df58ddcc4a41169e18cd5215206da1"/><file name="calculate_international_parcel_postage_air_mail" hash="cc5dbbc6498becd8dda7060894928776"/><file name="calculate_international_parcel_postage_air_mail_extra_cover" hash="f84eef486aadbd8f2a3874a65387faf1"/><file name="list_countries" hash="1ccfed48b361f3ff61260208de61b9be"/><file name="list_domestic_letter_services" hash="91d3101da92896580d4eada0ffca7dc0"/><file name="list_domestic_letter_sizes" hash="950fd00b104c50e18df69bd05b4637da"/><file name="list_domestic_letter_thicknesses" hash="859731aad84bda3022ecb8fff7d8a1e5"/><file name="list_domestic_letter_weights" hash="3641deb69170e15e794fe1bfac357ca4"/><file name="list_domestic_parcel_services" hash="cf7aaf1aea0eed42c5a44161a9618340"/><file name="list_domestic_parcel_sizes" hash="9cfb8a344287492740789a36637ea676"/><file name="list_domestic_parcel_weights" hash="11f1d657a7b52062acf86115a132b5ad"/><file name="list_international_letter_services" hash="8992143a876105e289d4499b323b2a01"/><file name="list_international_letter_weights" hash="431e458c9efdeaf7f3db33affb78a610"/><file name="list_international_parcel_services" hash="659c5316eaefc6edcda58b9a2ab7b462"/><file name="list_international_parcel_weights" hash="6ff71304dcc8579c999966d406ade4d7"/><file name="search_postcode_using_location" hash="3f9a0f83f44fffca5544b35004a8b399"/><file name="search_postcode_using_location_and_state" hash="ab5e7b3740f0d9214ed3481f4913983e"/><file name="search_postcode_using_postcode" hash="7f8c403bfb18e1962850004b1dc2b592"/></dir></dir></dir><file name=".gitignore" hash="abac7630679fdbf128327273903b787f"/></dir></dir><dir name="guzzle"><dir name="guzzle"><file name="build.xml" hash="b956a9a94f7e60439e587d3b60da5996"/><file name="CHANGELOG.md" hash="ed5c16b5fed52e612e8314abcfce0f5a"/><file name="composer.json" hash="ea4ae116ff13604c925ee3a095a2ab5c"/><dir name="docs"><dir name="batching"><file name="batching.rst" hash="798a7c3ebe32d362c692f339fc72b260"/></dir><file name="conf.py" hash="882cbafeaff9399e19529fafbe17daf4"/><file name="docs.rst" hash="82dad25f32e2f86da5c61f4dd3e51b95"/><dir name="_downloads"><file name="guzzle-schema-1.0.json" hash="c15897eed6e0ce8c9c85ba99c5ef384e"/></dir><dir name="getting-started"><file name="faq.rst" hash="aa9df07e3aed00367a195cdf956b1b90"/><file name="installation.rst" hash="829173741210034dc3af943d24c017d1"/><file name="overview.rst" hash="7efdcaaff9f5c6074baf20547a9b9e35"/></dir><dir name="http-client"><file name="client.rst" hash="bcb5e50e8ee91bf94000780d142fe6f6"/><file name="entity-bodies.rst" hash="da2492d9022491e2fca4eed5fc743ecc"/><file name="http-redirects.rst" hash="516919c3cdf35b650eb2b6906f64ce1c"/><file name="request.rst" hash="428b7f7866c0f9aafc9b4b3293c51a20"/><file name="response.rst" hash="a1c1a5b1d8b8ed8c0ad27b29db076721"/><file name="uri-templates.rst" hash="6f696a07e78ecb60ecbb39825b5881e3"/></dir><file name="index.rst" hash="b1178260063bb8fc0157fe22c0a00c01"/><dir name="iterators"><file name="guzzle-iterators.rst" hash="b6f24a9eb75f8a7344fba9586866fa56"/><file name="resource-iterators.rst" hash="88669040afb6f4a0c88f0270a0553cad"/></dir><file name="Makefile" hash="12a604d6e6b876e11714735cdc6403f1"/><dir name="plugins"><file name="async-plugin.rst" hash="ed377d4a02a6b8b429f0ed94738656c6"/><file name="backoff-plugin.rst" hash="c5c023dcdab381c1ccf5aa63b4ed02c4"/><file name="cache-plugin.rst" hash="f7cf86d72bca2557e0080e1d222568d1"/><file name="cookie-plugin.rst" hash="c5899e1c3904a4f034946ac47df9c4c9"/><file name="creating-plugins.rst" hash="dd7442ff97950bb10c847a3d0cc20388"/><file name="curl-auth-plugin.rst" hash="3d6ef15030ec83173331a6a1a887cae3"/><file name="history-plugin.rst" hash="a8d5575465a8923390cf5575b4c9b3be"/><file name="log-plugin.rst" hash="b0bd42457b60565b5bb5d01264fcf045"/><file name="md5-validator-plugin.rst" hash="e9964a9cda6fed8c372aa07a08eef15e"/><file name="mock-plugin.rst" hash="aeb3aa9f5c6d7c61b02dc3381343f917"/><file name="oauth-plugin.rst" hash="e04d795bec8de4a4bc96d5da82fbcb07"/><file name="plugins-list.rst.inc" hash="95cb1b223774792b60ecb41e7854957a"/><file name="plugins-overview.rst" hash="062f4c4aeb9221eecd3886bc4409b926"/></dir><file name="requirements.txt" hash="7065f7abd46925eaad668ae09d55f668"/><dir name="_static"><file name="guzzle-icon.png" hash="18e05d325a1a51de498fc4a32b15ca48"/><file name="homepage.css" hash="4d80ed46333602877d55ce096ac46708"/><file name="logo.png" hash="467e3503ccf5159b602c679254531d9a"/><file name="prettify.css" hash="cd9c4808f161f268be62f33aeb8507bb"/><file name="prettify.js" hash="709bfcc456c694bfe8ee86d184a1c360"/></dir><dir name="_templates"><file name="index.html" hash="be3c7a922fd360839e03040a5370b65c"/><file name="leftbar.html" hash="d41d8cd98f00b204e9800998ecf8427e"/><file name="nav_links.html" hash="d0fb3b963afc2c3a14e639cbd3d8f954"/></dir><dir name="testing"><file name="unit-testing.rst" hash="ca0ea059d266154df6148267650f6bc1"/></dir><dir name="webservice-client"><file name="guzzle-service-descriptions.rst" hash="89a0d2dca4a71f7a85d627acf9510d34"/><file name="using-the-service-builder.rst" hash="6f75a767df1bf01f8a8d13638011677b"/><file name="webservice-client.rst" hash="4bbdea8481d1975dd0b92f369e80b21a"/></dir></dir><file name="LICENSE" hash="42d32c6e1a3af5f1745593c9bec3f2b3"/><file name="phar-stub.php" hash="d032b1ca3586532445878d3ad7c4b190"/><dir name="phing"><file name="build.properties.dist" hash="36855c943773e4bd221f4ed79d0c4635"/><dir name="imports"><file name="dependencies.xml" hash="a0ef22883ef54500c0c5533e6ba5a995"/><file name="deploy.xml" hash="90dddefa5c83f360219bdfa09ee5a1db"/></dir><dir name="tasks"><file name="ComposerLintTask.php" hash="253bf4030b5d2c276d05b7de4a2325a0"/><file name="GuzzlePearPharPackageTask.php" hash="50c8539a43f78f48025d57717350503d"/><file name="GuzzleSubSplitTask.php" hash="9f0be5240423d4f59fc592bf48c143bb"/></dir></dir><file name="phpunit.xml.dist" hash="980cc546283b629c8b6903164dfb61a2"/><file name="README.md" hash="3d213d4fd9a670f5f9763012634d9652"/><dir name="src"><dir name="Guzzle"><dir name="Batch"><file name="AbstractBatchDecorator.php" hash="b9f1ce19f113f4d5b5886b04219b26c6"/><file name="BatchBuilder.php" hash="0658d8456d338b2b4f5e5bd12875af1c"/><file name="BatchClosureDivisor.php" hash="be8e54078d5dcc5e5089006b0399096e"/><file name="BatchClosureTransfer.php" hash="43125673b59879626fb833603e6a23d2"/><file name="BatchCommandTransfer.php" hash="7129a1584dd4ad7f92d56040124676c2"/><file name="BatchDivisorInterface.php" hash="9b1460f23f32fc4beee434f7ad1de674"/><file name="BatchInterface.php" hash="bdf900e6c7038e23ede1ee25cafa05bc"/><file name="Batch.php" hash="b780b6cafbfefc90e32ca531e1406239"/><file name="BatchRequestTransfer.php" hash="9671e493d9d3a8271de4e2c3d8d33d5d"/><file name="BatchSizeDivisor.php" hash="282368575f4576cb5b8e323921fbce7d"/><file name="BatchTransferInterface.php" hash="c92e98244535738d7b8c8304076da4ff"/><file name="composer.json" hash="5677501d33c91f5069d45f4447754303"/><dir name="Exception"><file name="BatchTransferException.php" hash="3f8eb4b34fe7eb242b647a00acc60f00"/></dir><file name="ExceptionBufferingBatch.php" hash="172ecdb412b2116f8cfc43632aed5971"/><file name="FlushingBatch.php" hash="0a176cd0d3c37fd6d3c3edd32973ee63"/><file name="HistoryBatch.php" hash="62cabc0fe63acc14fb8bf2e551b6f673"/><file name="NotifyingBatch.php" hash="b7d39171fc686a2124b93a85954542a5"/></dir><dir name="Cache"><file name="AbstractCacheAdapter.php" hash="d299bf5b6503b485390d54a6fe9894e8"/><file name="CacheAdapterFactory.php" hash="f3431ddaa54b2a5ac8f9fe7c3402749e"/><file name="CacheAdapterInterface.php" hash="0c6a26170379b4c3f42240a1747f51d8"/><file name="ClosureCacheAdapter.php" hash="617c0958c5a41811443553755bd57e85"/><file name="composer.json" hash="3d5ea7aba55fca0046d318ad37beb853"/><file name="DoctrineCacheAdapter.php" hash="7107ed2df05edf22b50a5d953a53e694"/><file name="NullCacheAdapter.php" hash="731789c642be2ecc518aef6f576b475f"/><file name="Zf1CacheAdapter.php" hash="8ff8cf2a495cf9569eb5f83a721464f8"/><file name="Zf2CacheAdapter.php" hash="5b26ea450db552ff04cb333743c0672c"/></dir><dir name="Common"><file name="AbstractHasDispatcher.php" hash="4e0c67da62cd3cbe82b167f1855bff8e"/><file name="Collection.php" hash="bdf612b12448bab74c6a90dbdb20095b"/><file name="composer.json" hash="7f5f1e00aedc790bd43eb7d465b76715"/><file name="Event.php" hash="d239258d838e0928c2b211ab9f0f0bad"/><dir name="Exception"><file name="BadMethodCallException.php" hash="98140817d5204df2df8c758eb52e3ca2"/><file name="ExceptionCollection.php" hash="20376f2d9d97ca269c68c907cb523d8e"/><file name="GuzzleException.php" hash="a59974564cb5886db0906d38622d7b65"/><file name="InvalidArgumentException.php" hash="e176a3bfbc46ad0bcf8cc53a70ad2660"/><file name="RuntimeException.php" hash="505f3a2971d80715a8601f7bb8139023"/><file name="UnexpectedValueException.php" hash="2182332c538ad9279f1cb31ebf8cec90"/></dir><file name="FromConfigInterface.php" hash="a23e030b62590950884856109219c7f3"/><file name="HasDispatcherInterface.php" hash="efdba8306b7e0c6c04a23c4a3495e9bc"/><file name="ToArrayInterface.php" hash="5466584f27e38712cd08d8e6309b8e78"/><file name="Version.php" hash="da117d5b2d306699b4c18ae1a747f7fc"/></dir><dir name="Http"><file name="AbstractEntityBodyDecorator.php" hash="36d4a68be72393686cdc9e9173adbfd7"/><file name="CachingEntityBody.php" hash="55c80a146676519d5f78259b8763c4fc"/><file name="ClientInterface.php" hash="406c37f60933c0eb3b359cf8739fca53"/><file name="Client.php" hash="c4f2abe535cc3c11278941bead02549e"/><file name="composer.json" hash="9e13978742e75d6ae0f7f6614743638c"/><dir name="Curl"><file name="CurlHandle.php" hash="237a99b299ba7c398384882505435ab3"/><file name="CurlMultiInterface.php" hash="ba75ac02d77e97f76938e59e34596b43"/><file name="CurlMulti.php" hash="1d71856e7dea702581f393c24d20672c"/><file name="CurlMultiProxy.php" hash="e6da8aaf1649bc5f960dca7457fb3089"/><file name="CurlVersion.php" hash="7857dd20077df5870f74975d2d85e89f"/><file name="RequestMediator.php" hash="0d01e2e18ff502516c5724a995140cd2"/></dir><file name="EntityBodyInterface.php" hash="c6942f8b5cef9fa3fb6d5b7e7f718a29"/><file name="EntityBody.php" hash="5e7d97a7d64e019859b9737d8d37a2d7"/><dir name="Exception"><file name="BadResponseException.php" hash="2e358b13ef147dd6b226366a28860c7e"/><file name="ClientErrorResponseException.php" hash="13cab04cce406a1b0afcfea86ef7031c"/><file name="CouldNotRewindStreamException.php" hash="08075c1d0711249e1f0674d86b57d2ce"/><file name="CurlException.php" hash="d42f19fc1b034f410149e6ce97d5c750"/><file name="HttpException.php" hash="f78259ea006cf165d4848a312c827d0d"/><file name="MultiTransferException.php" hash="72967b8cba5f64f9e05dd8a3a609546f"/><file name="RequestException.php" hash="e5f816167d92abea64ee09a5be87fe94"/><file name="ServerErrorResponseException.php" hash="fe2621a64b89853c555a97ceffca9b08"/><file name="TooManyRedirectsException.php" hash="9c530bbf82d46c8014ede984fbc308e5"/></dir><file name="IoEmittingEntityBody.php" hash="af444084e0f6f7b83c2813db7848196d"/><dir name="Message"><file name="AbstractMessage.php" hash="b6b1aa0e6f9e5392b4164f17a504198a"/><file name="EntityEnclosingRequestInterface.php" hash="74189c9d4edcd2f6dbc04a53c538a8ee"/><file name="EntityEnclosingRequest.php" hash="5bea48d8dea5d8e430da038c69cbd335"/><dir name="Header"><file name="CacheControl.php" hash="f5025f2ec81740068b61c37014b20c94"/><file name="HeaderCollection.php" hash="ca52d21c4730c5086e0a14af790a1b68"/><file name="HeaderFactoryInterface.php" hash="e82845c9bf276a9a2b012e54927dd6c9"/><file name="HeaderFactory.php" hash="5a039da3a9ae34fbdba128ca675ba6e4"/><file name="HeaderInterface.php" hash="57719abc7b9e3a8c7c65b826a69a4df9"/><file name="Link.php" hash="b65c1fa22f1f80185d6443488c6f2db2"/></dir><file name="Header.php" hash="a1e0ae834c7a2ab486ed05b9c542db67"/><file name="MessageInterface.php" hash="b2806bc032b6960b6251b82dd23f61fd"/><file name="PostFileInterface.php" hash="20adf5af26e9cabe000e9222fbaa64cf"/><file name="PostFile.php" hash="7dfb1139d6f59e8cd91203d8f66d5ad9"/><file name="RequestFactoryInterface.php" hash="076e8c936861a6aaf2e2a2772ac6158b"/><file name="RequestFactory.php" hash="f9e06daf426a28756580ef9888839c50"/><file name="RequestInterface.php" hash="e643c7a168461ff20fad2e83b8b94960"/><file name="Request.php" hash="1c8bb01dec07c3a6592d5bca7e208ead"/><file name="Response.php" hash="6cc91809942792439b1d95d9bdd2e404"/></dir><file name="Mimetypes.php" hash="296f3caa16598a0262fcc05cde66cbe4"/><dir name="QueryAggregator"><file name="CommaAggregator.php" hash="67ceee8d6a476d2a66594512aaa85c54"/><file name="DuplicateAggregator.php" hash="065d2f19bf0670cbe63d7d7164093b9b"/><file name="PhpAggregator.php" hash="819504c086b326dbe1ea261c1d94344b"/><file name="QueryAggregatorInterface.php" hash="0bad1c6e1af16c2d634e58e5cb272a37"/></dir><file name="QueryString.php" hash="a474b7e9546e4aefcd78c0ea78e59fd9"/><file name="ReadLimitEntityBody.php" hash="12ebcbebbe885e179fc08f72cc79fcfa"/><file name="RedirectPlugin.php" hash="f432eb2c45f734e16cf943a941b5ba86"/><dir name="Resources"><file name="cacert.pem" hash="5d108f8ab86afacc6663aafca8604dd3"/></dir><file name="StaticClient.php" hash="84309c875fef96b4e773373d49e6c79a"/><file name="Url.php" hash="6b4e8d632aacc926a5c762ffd48f3946"/></dir><dir name="Inflection"><file name="composer.json" hash="2ebd37b7a54e3fbb67b00c4b7f0d7d5c"/><file name="InflectorInterface.php" hash="a575fde89bf5331c554754e83eb82dd0"/><file name="Inflector.php" hash="af099fa9a6f19542cd50dc4b9e53c630"/><file name="MemoizingInflector.php" hash="990be5be097a292ed84e3ce5515754ec"/><file name="PreComputedInflector.php" hash="9f2b03877e501cfefe8f1ef2f616c133"/></dir><dir name="Iterator"><file name="AppendIterator.php" hash="d17ed123efb05b686f44c2eed7d3c4fe"/><file name="ChunkedIterator.php" hash="8cdd7e82a00b9a01136a8f056db18f64"/><file name="composer.json" hash="edae4ef059a3b966ea2d26d017c17db1"/><file name="FilterIterator.php" hash="ed7e0d5590d718f246627b7f6949cba6"/><file name="MapIterator.php" hash="7d28a4b22f442e13b6874f55746b28e0"/><file name="MethodProxyIterator.php" hash="4518ead4f857bd9721b1226068f7eb32"/><file name="README.md" hash="0df50abbcb591eaebb9781298c58e60f"/></dir><dir name="Log"><file name="AbstractLogAdapter.php" hash="8125cc1372285a9132d96a76ff87dbbf"/><file name="ArrayLogAdapter.php" hash="7cd65cd88fcdb68f6a682fdf34b4a8ae"/><file name="ClosureLogAdapter.php" hash="d5798485461e5f0057f2d41e8e37cf88"/><file name="composer.json" hash="51ea202ff97920d01c0e536b50d33515"/><file name="LogAdapterInterface.php" hash="67ea49d97a88cf2e46f7563abc2504a7"/><file name="MessageFormatter.php" hash="c9544d2a631334bfd77f452d270ea761"/><file name="MonologLogAdapter.php" hash="b3a1fb9dcd4905c17046eadfb79b6fae"/><file name="PsrLogAdapter.php" hash="55b4beb10ccf08e3a6041a2b404431ff"/><file name="Zf1LogAdapter.php" hash="baf4ad91fbc41481bc565f6b0079c4b4"/><file name="Zf2LogAdapter.php" hash="150ac5b6d1597041896ba262f8df8930"/></dir><dir name="Parser"><file name="composer.json" hash="ed621332894127ad8b25e66b96b9af18"/><dir name="Cookie"><file name="CookieParserInterface.php" hash="98ef9046ca0ce771cd9a7cf823b76c66"/><file name="CookieParser.php" hash="7e0fbc7015dc5f80d01a4772209b345d"/></dir><dir name="Message"><file name="AbstractMessageParser.php" hash="d2dab239632534f4966b284135abe69c"/><file name="MessageParserInterface.php" hash="1d3f9753d1186f001acc71f2b383e139"/><file name="MessageParser.php" hash="c5b9f75ddeb4c0231a595a3a7fb442c7"/><file name="PeclHttpMessageParser.php" hash="dbe4987f6c937c04a93161531fc38938"/></dir><file name="ParserRegistry.php" hash="a538b157111059ac6cdee20699400aee"/><dir name="UriTemplate"><file name="PeclUriTemplate.php" hash="8bc54f20bbdf7159edf75973efbd6999"/><file name="UriTemplateInterface.php" hash="1920e2818088ba2acebdf36a44fb58bf"/><file name="UriTemplate.php" hash="b8c59a215eb0bfabdbb42b1fb9e74542"/></dir><dir name="Url"><file name="UrlParserInterface.php" hash="b4d8c4cb8ca13a5ac8f3dbe3e4f7f42d"/><file name="UrlParser.php" hash="65660d68ad322bba1a1131c2c2d48c28"/></dir></dir><dir name="Plugin"><dir name="Async"><file name="AsyncPlugin.php" hash="12ec1382a5c2c4d2c76bca740610fcf9"/><file name="composer.json" hash="15dbadaebcbe675a5dcd8369374e571b"/></dir><dir name="Backoff"><file name="AbstractBackoffStrategy.php" hash="07ee263d5fe87295e8d5ecf532b4e6c5"/><file name="AbstractErrorCodeBackoffStrategy.php" hash="5308b4c3bfa331b1feec2e886bf1e38d"/><file name="BackoffLogger.php" hash="2e9be2da8552ebc96075444c48b950a1"/><file name="BackoffPlugin.php" hash="ad52ca528590cd94259c1892a8a9b6fc"/><file name="BackoffStrategyInterface.php" hash="d335f9d4bd310ef8389e2ff27c6f8f2f"/><file name="CallbackBackoffStrategy.php" hash="0a2fe568fe891ef304aeff3ef105e6d6"/><file name="composer.json" hash="247b1492c94122205f0b4bd41cf182ab"/><file name="ConstantBackoffStrategy.php" hash="38485d972e1fcc876e22d092dfde7f39"/><file name="CurlBackoffStrategy.php" hash="7a00f8bdddbd441eed9268c4bb250399"/><file name="ExponentialBackoffStrategy.php" hash="9c199d621974ad2c70c437629d54fdb4"/><file name="HttpBackoffStrategy.php" hash="4443aff69969039d756e3580b1353067"/><file name="LinearBackoffStrategy.php" hash="f91a338afaa2d8c55d5e00ce739e1f6d"/><file name="ReasonPhraseBackoffStrategy.php" hash="0245fa4a73cd4071b14e0595423e0430"/><file name="TruncatedBackoffStrategy.php" hash="86af5b5166fff87b89c24214cb399841"/></dir><dir name="Cache"><file name="CacheKeyProviderInterface.php" hash="b3615e71ca2d35d1455a4399cdc95241"/><file name="CachePlugin.php" hash="3b10308c4b3d8732f26740b2cd8dc0ad"/><file name="CacheStorageInterface.php" hash="d65ee0463cb9a70b29e4d2bfd59c146c"/><file name="CallbackCanCacheStrategy.php" hash="262f7b68f93486affbcc78e8eb850b32"/><file name="CanCacheStrategyInterface.php" hash="739959b1f128d105e3587788d6cb4b37"/><file name="composer.json" hash="6ca72a338645c03e11e8c713f999ab0c"/><file name="DefaultCacheKeyProvider.php" hash="1e89b5a4015f65e399a9cdae2bc2f205"/><file name="DefaultCacheStorage.php" hash="c441c05e04aaea4a990e9c301f9e41fb"/><file name="DefaultCanCacheStrategy.php" hash="72dc9cba472369e097053dc3b62fa83c"/><file name="DefaultRevalidation.php" hash="d0e2a9a9806ddafe5079ac53dcd7e105"/><file name="DenyRevalidation.php" hash="0fd0df77357918d89dd1ef77a25d6267"/><file name="RevalidationInterface.php" hash="29ffe4f945e9e554514675e9b7e8dec0"/><file name="SkipRevalidation.php" hash="b311c417b3f64d396190e2279bc9ccf0"/></dir><file name="composer.json" hash="729b0b3afb7b1779695128622ad1e0e0"/><dir name="Cookie"><file name="composer.json" hash="4d6750ac79b688522515923a50ce0d61"/><dir name="CookieJar"><file name="ArrayCookieJar.php" hash="ab8c990c67f2943b17c3351f4a4463cb"/><file name="CookieJarInterface.php" hash="27581b77c7c53c684a4c98041dda8f14"/><file name="FileCookieJar.php" hash="c02f91c6d1d63e21b9bf1da54c47dee0"/></dir><file name="Cookie.php" hash="9df7a6a80e3261433fca1ed10d66716e"/><file name="CookiePlugin.php" hash="5b742edeb19bc6b3eb7590da7538ba7b"/><dir name="Exception"><file name="InvalidCookieException.php" hash="d4ecb86a7aa26d8016234992720a79d5"/></dir></dir><dir name="CurlAuth"><file name="composer.json" hash="8e37c2df0628bf5d2f814933e017e722"/><file name="CurlAuthPlugin.php" hash="358c6af63ea1143f7ec0d05b2dc87b9f"/></dir><dir name="ErrorResponse"><file name="composer.json" hash="249d31fa1f79ff526db204d0d5d471ab"/><file name="ErrorResponseExceptionInterface.php" hash="e5139e14a9ce13f3263366a33d672d0a"/><file name="ErrorResponsePlugin.php" hash="45bfc917117a7bf3383b6aa4c91a61d4"/><dir name="Exception"><file name="ErrorResponseException.php" hash="f41fd239940b8a9743175aa7fcb667b9"/></dir></dir><dir name="History"><file name="composer.json" hash="ae1b3721cd2c338d23d724328f8bb660"/><file name="HistoryPlugin.php" hash="a96548ca730dc3c30f4fd55269ab9366"/></dir><dir name="Log"><file name="composer.json" hash="e99c07f536491f30241436c8f3be6dd4"/><file name="LogPlugin.php" hash="edd07bde284119ac2c64a1fbe031fe42"/></dir><dir name="Md5"><file name="CommandContentMd5Plugin.php" hash="fceaf6b488b364494a019a3edeea5ca7"/><file name="composer.json" hash="6ad90b0c9b60d4cc6e9a68edfb590d60"/><file name="Md5ValidatorPlugin.php" hash="10de21872b9a766dd9b7c6deb27ce7e3"/></dir><dir name="Mock"><file name="composer.json" hash="026896d99e178b39faa2ffa1e8cd6cff"/><file name="MockPlugin.php" hash="7ebcfc53353ebe2c6f562ecfa16c65cf"/></dir><dir name="Oauth"><file name="composer.json" hash="ae1e00ae9c81ac6f9ed6acc4bc712a1e"/><file name="OauthPlugin.php" hash="5fab9b6d4196420d914d872546f951e4"/></dir></dir><dir name="Service"><file name="AbstractConfigLoader.php" hash="fadda279693196ee2b060c08c690e85e"/><dir name="Builder"><file name="ServiceBuilderInterface.php" hash="bc6520550afd05e5f27ee497ddc9b98a"/><file name="ServiceBuilderLoader.php" hash="53a96413e4c1a2b37510ff004e6b6761"/><file name="ServiceBuilder.php" hash="f21d131c279c905c2fbabc0976eef4bd"/></dir><file name="CachingConfigLoader.php" hash="2c839f9e977f695311d62795940c640c"/><file name="ClientInterface.php" hash="69101c62bb0ff45a844b6864fc4cf45c"/><file name="Client.php" hash="68cbfb7e8ca06778d823b07ddf7f75c9"/><dir name="Command"><file name="AbstractCommand.php" hash="5eabfb0603f0deaaf9bfb17ab9297e63"/><file name="ClosureCommand.php" hash="3876307ef98207db9cdfada1fd8f5224"/><file name="CommandInterface.php" hash="8b4f4127ba39a0272b3bf9e5a7976178"/><file name="CreateResponseClassEvent.php" hash="e433e97f9b6e2ef5f36e50170b683db2"/><file name="DefaultRequestSerializer.php" hash="7029bf945d7af2ecd2058baa6afc0182"/><file name="DefaultResponseParser.php" hash="8f4fa4c0fe016ab06a62897758133303"/><dir name="Factory"><file name="AliasFactory.php" hash="8aa51c0d9fa6f5935551476a44355f3b"/><file name="CompositeFactory.php" hash="dd2d5cbc41ef6251021ff72a19774444"/><file name="ConcreteClassFactory.php" hash="e7016e0a7a21bde0fd77843e04063c54"/><file name="FactoryInterface.php" hash="8fcc60e2f072c8db3f827d5cbd12bb0f"/><file name="MapFactory.php" hash="4445d257270bfa8582e3e3c81c9826f3"/><file name="ServiceDescriptionFactory.php" hash="9968506d9ec070b60f01194333e65688"/></dir><dir name="LocationVisitor"><dir name="Request"><file name="AbstractRequestVisitor.php" hash="45216644e104e45d7292d14ba0bbd49a"/><file name="BodyVisitor.php" hash="f1cf1712a0f418f7886d83e21c595179"/><file name="HeaderVisitor.php" hash="226cd1bca529a8264c7b36de67c1e047"/><file name="JsonVisitor.php" hash="19ea9ecc74adb93e653de7bbd21d0238"/><file name="PostFieldVisitor.php" hash="09063aa2cdd5c2674a1dc0dfc48fa9dd"/><file name="PostFileVisitor.php" hash="971b1625f46b1e37dbbbadeb2bffa4e2"/><file name="QueryVisitor.php" hash="6a1d4a491cb910600dc74cf2f3fc7796"/><file name="RequestVisitorInterface.php" hash="5d442ef6170bfa2c9758a0e665f580fd"/><file name="ResponseBodyVisitor.php" hash="fa1a16f74a8940b84d992fad65a65f4c"/><file name="XmlVisitor.php" hash="555578334a9d6508e91cc1e29d299926"/></dir><dir name="Response"><file name="AbstractResponseVisitor.php" hash="4bc3f2edf4afc88584b17ba247dfad13"/><file name="BodyVisitor.php" hash="dcd7319c0c8ecda98d2333f895a601bc"/><file name="HeaderVisitor.php" hash="43324f3f88ba9d90d44c4a2e15220204"/><file name="JsonVisitor.php" hash="c6ab595cd3a437e9b4694910d18755fd"/><file name="ReasonPhraseVisitor.php" hash="0a41ebce6a4a6d3803575e49c09cbc4d"/><file name="ResponseVisitorInterface.php" hash="18232989140f5e739150f08224fed604"/><file name="StatusCodeVisitor.php" hash="f53e7b4f7fe03cdc85eb1ef162ef31d3"/><file name="XmlVisitor.php" hash="f32f97228357fb2e72bb609d821b7844"/></dir><file name="VisitorFlyweight.php" hash="3732e718ba63b6f12cf959e413abf4cf"/></dir><file name="OperationCommand.php" hash="e8534f362daa12372303e568fbfee50d"/><file name="OperationResponseParser.php" hash="bbeeaf651605a494a97315e221f5eb1a"/><file name="RequestSerializerInterface.php" hash="2708244364227d07a2d7f0a17c6ba340"/><file name="ResponseClassInterface.php" hash="708c7975642393f9ce81c153e52435e5"/><file name="ResponseParserInterface.php" hash="a91578d74ece771f799b5b82cfcf0e38"/></dir><file name="composer.json" hash="df5a3dcc4c39967c4352bdf9fd5fb092"/><file name="ConfigLoaderInterface.php" hash="2be49f0609718d4c14b12bae53986d19"/><dir name="Description"><file name="OperationInterface.php" hash="5963a5dfd9ac12fa445bae0c6e448b4b"/><file name="Operation.php" hash="9f0e2431f42f6ea801274dd6e5bfb0ab"/><file name="Parameter.php" hash="fa42c4e46deabad710ed75b51a5540aa"/><file name="SchemaFormatter.php" hash="ce530ca216be35c2bbbcf039e406f615"/><file name="SchemaValidator.php" hash="573919abbe50f2f31edaa026420bf3da"/><file name="ServiceDescriptionInterface.php" hash="707691524755790d0966aec6f0fce3fe"/><file name="ServiceDescriptionLoader.php" hash="e1a1221fc817313a6fc938eab0ecf163"/><file name="ServiceDescription.php" hash="7bc23c91d8d2425b173232343bcd8e3d"/><file name="ValidatorInterface.php" hash="f2706a6daa8b81c9913e674706f85414"/></dir><dir name="Exception"><file name="CommandException.php" hash="1df1bdac1d58ec3a347471966e68df6d"/><file name="CommandTransferException.php" hash="9edcea572ed2dc682e430c5e0b64c310"/><file name="DescriptionBuilderException.php" hash="ebc20f875e94bc177b8bf8f5fd6f713e"/><file name="InconsistentClientTransferException.php" hash="34277f53685d0b8f38ca42e7f73f3df7"/><file name="ResponseClassException.php" hash="f92469d44de7724961a887bb26a6f923"/><file name="ServiceBuilderException.php" hash="2c8628b6030bd4f65ee719f54e34edb7"/><file name="ServiceNotFoundException.php" hash="2c26c9658cd335f803eb6a84c69b5220"/><file name="ValidationException.php" hash="e86b42ed471ce9aec762773e21c42b0f"/></dir><dir name="Resource"><file name="AbstractResourceIteratorFactory.php" hash="e7c9f7f16fdef7cbf277266b1fb2b163"/><file name="CompositeResourceIteratorFactory.php" hash="fdffbd0d70bdedfedd3ddcc3be6bdc0a"/><file name="MapResourceIteratorFactory.php" hash="492689e6ae80219b1621cf542e22a290"/><file name="Model.php" hash="09f2071e73ab1448f21b59f4dad3a82a"/><file name="ResourceIteratorApplyBatched.php" hash="ffbe2448991e37adb7d552458fe77e06"/><file name="ResourceIteratorClassFactory.php" hash="6c084e3659294bf6d32f52fa08ff1315"/><file name="ResourceIteratorFactoryInterface.php" hash="671eb86847e86900bb2a5486ba220a7d"/><file name="ResourceIteratorInterface.php" hash="ec6765b5d75fd264ace1d9ac04810a02"/><file name="ResourceIterator.php" hash="4262f6af3d1ff478e4cb1a53eee78605"/></dir></dir><dir name="Stream"><file name="composer.json" hash="e773223b0e4b39cbf8f1a1bb2cfa3e73"/><file name="PhpStreamRequestFactory.php" hash="83e3d3e6de3487d6553b81a049254bc9"/><file name="StreamInterface.php" hash="01dd322c8ff8414eff7ff8eb53bc145b"/><file name="Stream.php" hash="311e8493890019950621c186e5c507ab"/><file name="StreamRequestFactoryInterface.php" hash="76c22d99485818b7aed4c1482f30448b"/></dir></dir></dir><dir name="tests"><file name="bootstrap.php" hash="22884219c2b81213ebbee2a42ba43608"/><dir name="Guzzle"><dir name="Tests"><dir name="Batch"><file name="AbstractBatchDecoratorTest.php" hash="3fa39635ad7047453f99a357cd08dd97"/><file name="BatchBuilderTest.php" hash="27b6abc09f9c8530581c951c2cba5b38"/><file name="BatchClosureDivisorTest.php" hash="f77c820d87512641c48e0002ecb17ee8"/><file name="BatchClosureTransferTest.php" hash="a01b56077996b643fbe48576780ec665"/><file name="BatchCommandTransferTest.php" hash="6556dd94f85e4f453a9cfa75ab779125"/><file name="BatchRequestTransferTest.php" hash="3b628af377610466fe97b89eb534e12d"/><file name="BatchSizeDivisorTest.php" hash="00cb5950eb3e7d4613ff777c305a8efe"/><file name="BatchTest.php" hash="081b7ea658abd4558001fefa324a7834"/><file name="ExceptionBufferingBatchTest.php" hash="500f7f1ce050f33afce239b02713c9a2"/><file name="FlushingBatchTest.php" hash="91734eda0ba357cefa4e467cd0a290c8"/><file name="HistoryBatchTest.php" hash="c623844f156ef242b10b82dd6b4387d7"/><file name="NotifyingBatchTest.php" hash="fce0e06139608fb0ac6bef6171f72b58"/></dir><dir name="Cache"><file name="CacheAdapterFactoryTest.php" hash="a575ee9cd791d43ece056f367b0a32b6"/><file name="CacheAdapterTest.php" hash="452e986ffff815089e6f22cec0603e58"/><file name="ClosureCacheAdapterTest.php" hash="233024f3f6d565fa7ce0a86e426f9617"/><file name="NullCacheAdapterTest.php" hash="7b318a96020aefaf9eb40ab140fdffb9"/><file name="Zf2CacheAdapterTest.php" hash="a306983ccdd57870998d21d11bc464a2"/></dir><dir name="Common"><file name="AbstractHasDispatcherTest.php" hash="6216a03b1f06cf41cdbd1f9d834c08f1"/><file name="CollectionTest.php" hash="82da677ca3bea1cb3441710cbd738014"/><file name="EventTest.php" hash="660e52c18051837e5b5ccd627402fe7b"/><dir name="Exception"><file name="BatchTransferExceptionTest.php" hash="262646427dcadcba6f84bda8db19f05c"/><file name="ExceptionCollectionTest.php" hash="e248f36851aa22d789c76cd4fd3e4166"/></dir><file name="VersionTest.php" hash="b59f8244aadadee38cec4a4320f41894"/></dir><file name="GuzzleTestCase.php" hash="dc87b39d6cf2e72bc283b4749dd29bb7"/><dir name="Http"><file name="AbstractEntityBodyDecoratorTest.php" hash="c25778270286d57031e306c3c159bf37"/><file name="CachingEntityBodyTest.php" hash="af3bcef364f1dff4c939d80db749dbad"/><file name="ClientTest.php" hash="06971c88eba376dee8961f2ddfd85ed6"/><dir name="Curl"><file name="CurlHandleTest.php" hash="64fbba13c77482aadf78db0782a1f6cd"/><file name="CurlMultiProxyTest.php" hash="2bdc5bde94bb75e8f0b38cbbd0b76b37"/><file name="CurlMultiTest.php" hash="dd0198954b0b2ae4dab1395a75833ff6"/><file name="CurlVersionTest.php" hash="7998d8533eba18081e3d08960f14f6e7"/><file name="RequestMediatorTest.php" hash="c3b2f919048c66463337698f65c1df67"/></dir><file name="EntityBodyTest.php" hash="97d01d63991035eb65db1e64fc92c48b"/><dir name="Exception"><file name="CurlExceptionTest.php" hash="cc3f33f062a59d89310d673905da9d8e"/><file name="ExceptionTest.php" hash="02ded4115482bf8fd24d0d0c30e09876"/><file name="MultiTransferExceptionTest.php" hash="ff4f3f666f78d5f53201f1531782744d"/></dir><file name="IoEmittingEntityBodyTest.php" hash="6fc25a1421dab47f409651dac49cf6b0"/><dir name="Message"><file name="AbstractMessageTest.php" hash="da2497f367248990241da5cd6533195a"/><file name="EntityEnclosingRequestTest.php" hash="ac24cab71a9388967f442b8d615a6c1b"/><dir name="Header"><file name="HeaderFactoryTest.php" hash="e5635bdaeddd639e29a45467bcba57e0"/><file name="LinkTest.php" hash="cacd75fe3cf1eacaf60cfe72096c238c"/></dir><file name="HeaderComparison.php" hash="d147aa1ba0be3f215d48636607cce323"/><file name="HeaderComparisonTest.php" hash="10e35c129da97184ae97a98aa8ac5c90"/><file name="HeaderTest.php" hash="8ee7b2889a1cced343e8532c47e0aee2"/><file name="PostFileTest.php" hash="9bdc32824bc9d5c5a1780b07c0af1d7d"/><file name="RequestFactoryTest.php" hash="dc9aac38fbf533eaaba41f9fedfa155c"/><file name="RequestTest.php" hash="ffa65e0cec1896438bd612c12f590a3e"/><file name="ResponseTest.php" hash="b0af8e3decdc286169a1ae0777cc1fdf"/></dir><file name="MimetypesTest.php" hash="0a0d86ea69b32f9df781973157a44b8b"/><dir name="QueryAggregator"><file name="CommaAggregatorTest.php" hash="c82f1fd92063b76c3772e35049b06377"/><file name="DuplicateAggregatorTest.php" hash="cff655ccb2dfc8e5acc09a390375ddc8"/><file name="PhpAggregatorTest.php" hash="6cde7d4dc4afb0c060e72a2e2f94d64f"/></dir><file name="QueryStringTest.php" hash="ff0d705e94aefee148999836955273f7"/><file name="ReadLimitEntityBodyTest.php" hash="45a82f00e50abfb0e05c2be3d37e5c13"/><file name="RedirectPluginTest.php" hash="0831bac4a32259d301b8a17ecb3409aa"/><file name="server.js" hash="a7de18bb6fe2ef1ec6535164b9e88569"/><file name="Server.php" hash="d4eb0e092e160198232e297e3d14a135"/><file name="StaticClientTest.php" hash="b14aa795b5ab6d11765f750ddfc8c1a0"/><file name="UrlTest.php" hash="bb58a9fabdfd2c8457ba510b51ca678e"/></dir><dir name="Inflection"><file name="InflectorTest.php" hash="22fd54ff56eccecabe7ebca853116f0a"/><file name="MemoizingInflectorTest.php" hash="5a78911d503644494245dee3f400f659"/><file name="PreComputedInflectorTest.php" hash="4e8ff3f0a1d7eccc11882d7a72967870"/></dir><dir name="Iterator"><file name="AppendIteratorTest.php" hash="01f922be3739e176fced0c09d7947dc8"/><file name="ChunkedIteratorTest.php" hash="cb79f6e71f545d00e42844348b5c4e73"/><file name="FilterIteratorTest.php" hash="c61b98b19fb8c734887a4639d3acf521"/><file name="MapIteratorTest.php" hash="ac74f3da0c34d227c04f6a0461fb06f2"/><file name="MethodProxyIteratorTest.php" hash="2b7d53925060c43116c27a80335a4575"/></dir><dir name="Log"><file name="ArrayLogAdapterTest.php" hash="4f263f04a00c56178eac4af177df5923"/><file name="ClosureLogAdapterTest.php" hash="cd78205f40a3a2517ca99bb10e644ab2"/><file name="MessageFormatterTest.php" hash="d23801a9bdc9111f10da525804aed915"/><file name="PsrLogAdapterTest.php" hash="553bc101ad3faece7048cfb93f00e7b3"/><file name="Zf2LogAdapterTest.php" hash="798731ee49e0e6ae067b06526500b6ba"/></dir><dir name="Mock"><file name="CustomResponseModel.php" hash="b6f14d42527ae3364bc0cb2183943663"/><file name="ErrorResponseMock.php" hash="9f043329d8137bb0a36f3cbd50a1263a"/><file name="ExceptionMock.php" hash="d0bfd2567c00628661d519ca6877c222"/><file name="MockMulti.php" hash="355763b92f2cb1a2544e3e14abe88123"/><file name="MockObserver.php" hash="5d63b0092da6d541bad8fd6d8ac0e1ab"/><file name="MockSubject.php" hash="1003778efbe0b8e7f4486baf4b5ceda5"/></dir><dir name="Parser"><dir name="Cookie"><file name="CookieParserProvider.php" hash="60416cd201eda020264dc3da9066a602"/><file name="CookieParserTest.php" hash="bc8a598258a8735d9cec3e6558d79e21"/></dir><dir name="Message"><file name="MessageParserProvider.php" hash="f5b190cdeed107e8ff7bd967bd486bdb"/><file name="MessageParserTest.php" hash="3f9b06a989121fb36f31ad6a5fdc441e"/><file name="PeclHttpMessageParserTest.php" hash="56363dd006f68058eab3f122d9ff78f7"/></dir><file name="ParserRegistryTest.php" hash="7cefb579d1a6a2a3bb93b6f9fa83763c"/><dir name="UriTemplate"><file name="AbstractUriTemplateTest.php" hash="4564cc28c37d24d08a80ca78f75e1695"/><file name="PeclUriTemplateTest.php" hash="63b0d4f6a20b6e10d113e30ce518706e"/><file name="UriTemplateTest.php" hash="7921bae05dfb897ce64b8fb0a138fa3e"/></dir></dir><dir name="Plugin"><dir name="Async"><file name="AsyncPluginTest.php" hash="3f10716f163f7684333f1c1af93014bb"/></dir><dir name="Backoff"><file name="AbstractBackoffStrategyTest.php" hash="148daae57996df499d8f82ca4d4811fa"/><file name="BackoffLoggerTest.php" hash="12fe3c6d85547fe3d533dfc05b4f51bf"/><file name="BackoffPluginTest.php" hash="e933e3a5893077ab55839060f7a40d8d"/><file name="CallbackBackoffStrategyTest.php" hash="217fcc390bfedb07a1dcfefefeb89166"/><file name="ConstantBackoffStrategyTest.php" hash="8b2a2904551694cf284feaaee58971fb"/><file name="CurlBackoffStrategyTest.php" hash="8b319741bfca303afcfb3b2af4f205e3"/><file name="ExponentialBackoffStrategyTest.php" hash="8dfbcaebb99c5147d28d0d7e4f6aa498"/><file name="HttpBackoffStrategyTest.php" hash="f9bfd24bad8f9b2ee7e9f87189d3754d"/><file name="LinearBackoffStrategyTest.php" hash="9b395c20c7f5587d6e952248263b8a88"/><file name="ReasonPhraseBackoffStrategyTest.php" hash="d19cc75ed2e9b8c8bc150791a86fc260"/><file name="TruncatedBackoffStrategyTest.php" hash="91780a64534cc85a6095bc3af8230c35"/></dir><dir name="Cache"><file name="CachePluginTest.php" hash="b06b94a12843d3f3d9a2f25a398f0dba"/><file name="CallbackCanCacheStrategyTest.php" hash="63f02afe4f0db96f2e87d7c9c1d84a56"/><file name="DefaultCacheStorageTest.php" hash="5a91361c5ee3f80ad1e870f214876b32"/><file name="DefaultCanCacheStrategyTest.php" hash="adb1e425ed7633d468b3e6b95915c0f5"/><file name="DefaultRevalidationTest.php" hash="08766f399f837d80aa60548a21ef4413"/><file name="DenyRevalidationTest.php" hash="75f2e3a883acb33294f22dc87569826e"/><file name="SkipRevalidationTest.php" hash="63f002700dc6a161372c700f7cc6979f"/></dir><dir name="Cookie"><dir name="CookieJar"><file name="ArrayCookieJarTest.php" hash="42c7575506458f9b206dc7b33c02b1ff"/><file name="FileCookieJarTest.php" hash="8c45d5c456882fba15f2f7ac98797491"/></dir><file name="CookiePluginTest.php" hash="0b5e0cbaa8028646917274337414fce2"/><file name="CookieTest.php" hash="2d78e0e799e36a9c4c2b52670ccd4df7"/></dir><dir name="CurlAuth"><file name="CurlAuthPluginTest.php" hash="dc447af77cc56424d7d13375ed1acaa7"/></dir><dir name="ErrorResponse"><file name="ErrorResponsePluginTest.php" hash="19b2218bc912f721c2468ac3e29a6241"/></dir><dir name="History"><file name="HistoryPluginTest.php" hash="d25d06f00ade7b0170f9114042669db5"/></dir><dir name="Log"><file name="LogPluginTest.php" hash="48ef41335496ea5d223e3ad3c1341c36"/></dir><dir name="Md5"><file name="CommandContentMd5PluginTest.php" hash="dbfed23034416384c080d9455ec5cded"/><file name="Md5ValidatorPluginTest.php" hash="fe0584b298d1b370322797b0cd11e05d"/></dir><dir name="Mock"><file name="MockPluginTest.php" hash="c5b9c4c50e5f39b0d5fc956a440a8691"/></dir><dir name="Oauth"><file name="OauthPluginTest.php" hash="04bc7eb92e58f33fd1ad13c6de331aac"/></dir></dir><dir name="Service"><file name="AbstractConfigLoaderTest.php" hash="cb2f0463542780581fe4b4b8d6b3b2e9"/><dir name="Builder"><file name="ServiceBuilderLoaderTest.php" hash="66dce8306257f745efdcb977df51b648"/><file name="ServiceBuilderTest.php" hash="c27feb27faeaad066098d16b68540492"/></dir><file name="CachingConfigLoaderTest.php" hash="69b35978cdca7cf95289b34f4ffb5262"/><file name="ClientTest.php" hash="0416074ff0afa5b1175a442388ee23a1"/><dir name="Command"><file name="AbstractCommandTest.php" hash="af896dfa510112bdf1b36037601cc2f5"/><file name="ClosureCommandTest.php" hash="a5b54e558dffa50cb8574f7e4c8d5523"/><file name="CommandTest.php" hash="0c6355629cc3163b31338b9cc60dba33"/><file name="DefaultRequestSerializerTest.php" hash="433e028900276a190b46d97959ea10c0"/><file name="DefaultResponseParserTest.php" hash="9a2b55c594833111d6255afecc500759"/><dir name="Factory"><file name="AliasFactoryTest.php" hash="0525c2ec679ce6f81aa5b20f7a7624df"/><file name="CompositeFactoryTest.php" hash="b5411224428450ec38573d4e9a0c861a"/><file name="ConcreteClassFactoryTest.php" hash="cf739f094f53e9dd1c427d295916e559"/><file name="MapFactoryTest.php" hash="d2aa4ce89ff6fbec965e69cdcd801467"/><file name="ServiceDescriptionFactoryTest.php" hash="7b396395549dd77f7c2fd883721b38fe"/></dir><dir name="LocationVisitor"><dir name="Request"><file name="AbstractVisitorTestCase.php" hash="7f2828941ff462709c75445919de3538"/><file name="BodyVisitorTest.php" hash="30ae329db27fbfd15fd39a6be6e3ef2b"/><file name="HeaderVisitorTest.php" hash="c28a2ac34c00bf8bf1025f13aa80b896"/><file name="JsonVisitorTest.php" hash="843dd6b75d9ed7c3214c39a2d82d3820"/><file name="PostFieldVisitorTest.php" hash="333c4e6b8a0ab735bd01ff90cb562be3"/><file name="PostFileVisitorTest.php" hash="df251b535b8965ceee4d13699fcbb513"/><file name="QueryVisitorTest.php" hash="40ebcb3213a698993679f27d91d51998"/><file name="ResponseBodyVisitorTest.php" hash="5911685dd5271e29ca340fae3d3cb175"/><file name="XmlVisitorTest.php" hash="a3f52621da9bd542c15f7115e43b1c2d"/></dir><dir name="Response"><file name="AbstractResponseVisitorTest.php" hash="37cd7a703f7efc4a3115227a880c078c"/><file name="BodyVisitorTest.php" hash="c8eb3aabcaaf8aea1ad7b3c14470e71d"/><file name="HeaderVisitorTest.php" hash="bdca911c08bb10756f325ba721afdbd7"/><file name="JsonVisitorTest.php" hash="e0232a096dd7ff12b5d3e91d9619fac6"/><file name="ReasonPhraseVisitorTest.php" hash="d9dfa9f74a66ae89459540bc12994cb2"/><file name="StatusCodeVisitorTest.php" hash="dcb6c63122b1fecd0ca0e5a6133af3a7"/><file name="XmlVisitorTest.php" hash="0ded6737f8c72f765c5ee07cc5b55e6b"/></dir><file name="VisitorFlyweightTest.php" hash="0441ee7bc97de1e2575cb26962b52322"/></dir><file name="OperationCommandTest.php" hash="b3091acbaedd60e813be9015998bf8b6"/><file name="OperationResponseParserTest.php" hash="ccc424e1b6deffbbff51aba4fa99f549"/></dir><dir name="Description"><file name="OperationTest.php" hash="8ff83ab037e47acb3e3af00fe0770b9a"/><file name="ParameterTest.php" hash="20df78f4d02048c29c3baf623c23a629"/><file name="SchemaFormatterTest.php" hash="fb7de87786b329dd1239945e1983fbcc"/><file name="SchemaValidatorTest.php" hash="042e170cb37289a40ac999a2954a9d53"/><file name="ServiceDescriptionLoaderTest.php" hash="d52924215f4147490ba96c10b203daec"/><file name="ServiceDescriptionTest.php" hash="ea66a707a614e01dcb5460ffed0eb115"/></dir><dir name="Exception"><file name="CommandTransferExceptionTest.php" hash="e7b7f6694c24a9813ce82983323518eb"/><file name="InconsistentClientTransferExceptionTest.php" hash="78322c42047f3e3f6a442f2786ac1813"/><file name="ValidationExceptionTest.php" hash="e8df1e0709628ea91ea49734c77ef567"/></dir><dir name="Mock"><dir name="Command"><file name="IterableCommand.php" hash="94c582040c19443e015724c5c17629e3"/><file name="MockCommand.php" hash="73dc098e82ad4fa4733ee96e3e1e8b83"/><file name="OtherCommand.php" hash="694430b102b459feb4044bf0dfe11a35"/><dir name="Sub"><file name="Sub.php" hash="7eb51539da6962f875f8e845c282f965"/></dir></dir><file name="MockClient.php" hash="7b237e8faf756965f1c389cbeb5ff244"/><dir name="Model"><file name="MockCommandIterator.php" hash="b00129874be38c6fc82e49869cc307c4"/></dir></dir><dir name="Resource"><file name="CompositeResourceIteratorFactoryTest.php" hash="653db3db705eba7d9b74ac2ffa1a9596"/><file name="MapResourceIteratorFactoryTest.php" hash="a05caa898bee3f9339bb7e5c6c57dcf6"/><file name="ModelTest.php" hash="1120ea9feef2cd7d4d888f7fa75815cd"/><file name="ResourceIteratorClassFactoryTest.php" hash="1e5df607375ca4be39930688e1136086"/><file name="ResourceIteratorTest.php" hash="00b2acdbf7e3e2354302873f56451b0b"/></dir></dir><dir name="Stream"><file name="PhpStreamRequestFactoryTest.php" hash="dac830edce2fc1b1fb6c923008904404"/><file name="StreamTest.php" hash="c8a447a27ed1f08277701fa5adf4ec67"/></dir><dir name="TestData"><dir name="description"><file name="bar.json" hash="5006110a13146278ca2ae7cacbd2764f"/><file name="baz.json" hash="d61d32f70844141814a01401c78c9297"/><file name="foo.json" hash="6db1fbf4317d9312fcdfadc8722cc1f3"/><file name="recursive.json" hash="5006110a13146278ca2ae7cacbd2764f"/></dir><file name="FileBody.txt" hash="d41d8cd98f00b204e9800998ecf8427e"/><file name="mock_response" hash="db379c71b5fa71b96cd81421e1fd3c36"/><dir name="services"><file name="json1.json" hash="abaf7360d2ad28b8b9ce3c80933c38d7"/><file name="json2.json" hash="30706e63124e1ae8049860c5ad825a25"/><file name="services.json" hash="1c7e5343dd5cc565f84250e6109202f2"/></dir><file name="test_service2.json" hash="8d6328b2416003b0a5f3a6c56f5551e9"/><file name="test_service_3.json" hash="8696074dce6e35f47d64123a35491a19"/><file name="test_service.json" hash="f22fe1735765c4ef857e9423551dde50"/></dir></dir></dir></dir><file name="UPGRADING.md" hash="7bc90286af211acd0d4844b15ad04cdd"/><file name=".gitignore" hash="9d1c97ac65214345af6164f9ecf81129"/><file name=".travis.yml" hash="bf4fe142874b791768ad93fef9bd7a7a"/></dir></dir><dir name="symfony"><dir name="event-dispatcher"><dir name="Symfony"><dir name="Component"><dir name="EventDispatcher"><file name="CHANGELOG.md" hash="745dd467bb8d944ee82b38034a3b71d2"/><file name="composer.json" hash="1687aeda894879c1db83af4563b46097"/><file name="ContainerAwareEventDispatcher.php" hash="8edf4ed0abb9d17184ffa22acf21789f"/><dir name="Debug"><file name="TraceableEventDispatcherInterface.php" hash="aa09cc5a555cfad4239045906e2850b0"/><file name="TraceableEventDispatcher.php" hash="984b27bf662f098c1dad8d105384040b"/><file name="WrappedListener.php" hash="95a01cd1942ec7d783b0ff2c14d0eb17"/></dir><dir name="DependencyInjection"><file name="RegisterListenersPass.php" hash="c60c6c4ec04a9f60678ff971c64ff389"/></dir><file name="EventDispatcherInterface.php" hash="3b2ce94d3837d2d5883ad077955ef2ba"/><file name="EventDispatcher.php" hash="09e9d9c8280b758c1b96cbd0144f0153"/><file name="Event.php" hash="d76db320a7720d84586a56a1d469a826"/><file name="EventSubscriberInterface.php" hash="6bc33100c6e66896fb9145e1bd4b8b85"/><file name="GenericEvent.php" hash="d49c6927a37fe8a568ce19b42e3f1677"/><file name="ImmutableEventDispatcher.php" hash="94bee16721f3a1a865fc870941ec34f4"/><file name="LICENSE" hash="09ce405e925cdeb923da1789121864c7"/><file name="phpunit.xml.dist" hash="e095b4a1986ee6235bcdda1b345cb74e"/><file name="README.md" hash="1732bff29f8f1972e7ba9430ed2881f0"/><dir name="Tests"><file name="ContainerAwareEventDispatcherTest.php" hash="5c527c6cda062487fd8f233918023177"/><dir name="Debug"><file name="TraceableEventDispatcherTest.php" hash="262424f02f0429b4cfd9ad48a1489233"/></dir><dir name="DependencyInjection"><file name="RegisterListenersPassTest.php" hash="0b82cf64005bd8c9c3393793c005bbd0"/></dir><file name="EventDispatcherTest.php" hash="1c72dfdf259e21f9ece7d32f7cb57333"/><file name="EventTest.php" hash="2d8c1f9d12f69cfd4420faf7874573ab"/><file name="GenericEventTest.php" hash="bcaf87649374e2820604b54cf8ce04c3"/><file name="ImmutableEventDispatcherTest.php" hash="98be8e6e205035fbd3213cd1a5ebd68d"/></dir><file name=".gitignore" hash="a1155c508134e9bda943ae266aee1819"/></dir></dir></dir></dir></dir></dir></dir><dir name="Model"><dir name="Address"><file name="Australiapost.php" hash="3ace3189adaa2e6b67c678b5d1fda76f"/><dir name="Config"><file name="Backend.php" hash="aa403a0138dbbbcbdaff728660d56b9c"/></dir><file name="Interface.php" hash="0b147135ab3f10b83045a86dc7332dee"/></dir><dir name="Config"><file name="Condition.php" hash="eef8cd6fd0fe599555d6e59ca1ecd8df"/><file name="CustomerGroupAccess.php" hash="4446a4e7623b837b6f83f423cc644e24"/><file name="CustomerGroups.php" hash="3dde2425dd2d62d08933332630dac64a"/><file name="EmailNotificationLevel.php" hash="e091f5f8e77269c669f8af5e537feb48"/><file name="ProductAttributes.php" hash="15e5d006ab8c30d6566386f19b45b0d0"/></dir><dir name="Mysql4"><dir name="Shipping"><dir name="Carrier"><dir name="Eparcel"><file name="Collection.php" hash="1618029b8270d909b6c9fbf77330f4ea"/></dir><file name="Eparcel.php" hash="b169a81e064dd7bf0a553a2e992b705e"/></dir></dir></dir><file name="Observer.php" hash="8e57f0ed19088bd4fd3ee3ff3e48bc71"/><dir name="Payment"><file name="Bpay.php" hash="8666e1b8a1349ec96e6262b71845bb92"/><file name="Directdeposit.php" hash="2cff6e18f05d37f861fdc22aa477a052"/></dir><dir name="Shipping"><dir name="Carrier"><dir name="Australiapost"><dir name="Source"><file name="Method.php" hash="ceb4dd259c9ac053dc673e5638beddd6"/><file name="Visibility.php" hash="c8014409208339d830ff97993ad26ccf"/></dir></dir><file name="Australiapost.php" hash="7582248b7e0e24e533abd9fe92a699ed"/><dir name="Clickandsend"><dir name="Export"><file name="Csv.php" hash="95067ad32b52aa5ee23e16c277cca8bc"/><file name="Exception.php" hash="cc2593b84778f0dddbd6b2a01fe65e17"/></dir><dir name="Source"><dir name="Categories"><file name="Item.php" hash="662c9de380f86f93912484deae8437ac"/></dir><dir name="Instructions"><file name="Nondelivery.php" hash="c06bd10816c5266c6a1020b4fea8364a"/></dir></dir></dir><file name="Clickandsend.php" hash="3b6329891f1be6e509335c6bd823e824"/><dir name="Common"><dir name="Export"><dir name="Csv"><file name="Abstract.php" hash="650bcc87b879644019a8621112d01c02"/></dir></dir></dir><dir name="Eparcel"><dir name="Export"><file name="Csv.php" hash="ef64531a5f417014a9a10512a017a06b"/><file name="Exception.php" hash="bd646fada188055fa9d9a51779ae8564"/></dir></dir><file name="Eparcel.php" hash="77a93d23e9655e2cc9a0bdea1f5c46c7"/></dir><dir name="Config"><file name="Eparcelcondition.php" hash="76fb0367f013b563cbc66cac28ae00dd"/><file name="Eparcel.php" hash="927557f285cd2facc0ca5477d02a1677"/><file name="Weightunits.php" hash="f386189ad178d42a79bc20a9648bb357"/></dir></dir></dir><dir name="sql"><dir name="australia_setup"><file name="mysql4-install-0.7.0.php" hash="fbf6045327c2b6f406876accc7140a82"/><file name="mysql4-install-2.2.0.php" hash="400152c0be1e17b95d24d00414be6284"/><file name="mysql4-install-2.2.2.php" hash="cbf95b6ac637149f3e660f2909f8014c"/><file name="mysql4-upgrade-1.2.1-1.2.2.php" hash="50637f83f3efeef6f67da9e23c8b499a"/><file name="mysql4-upgrade-2.1.0-2.2.0.php" hash="473a3efd1d6f52633d2cec6c51f2b7c9"/><file name="mysql4-upgrade-2.2.1-2.2.2.php" hash="e5ce9e8d49f590d0ac9b8efdab26ba18"/><file name="mysql4-upgrade-2.3.0-2.4.0.php" hash="b74ce148a2245b65a481cb978beff3bb"/><file name="postcodes.csv" hash="e6e407c3fcf49625e62ee89f9404e667"/><file name="postcodes.txt" hash="21083a0f94e200259c9b4540666b251e"/></dir></dir></dir><dir name="Info"><dir name="Block"><file name="Extensions.php" hash="52c21a560652f78b9f8adea43a9667fe"/></dir><dir name="etc"><file name="adminhtml.xml" hash="6e210b191d8602f6e6a82fc07ffca1fb"/><file name="config.xml" hash="64177b0ccec228d26be3e5c465d03b7c"/><file name="system.xml" hash="2501b2d8216ea74d007577c1d74a2c70"/></dir><dir name="Helper"><file name="Data.php" hash="3c1b0803ffd8bb896077fbd175a7dbdd"/></dir><dir name="Model"><file name="Flag.php" hash="6bbe7b2d3acf22019de4d9d38ddb3325"/><file name="Info.php" hash="9392c1e0a797cfd096ba4130bf227707"/><file name="Severities.php" hash="04714982cd68ccb1db1badd332e678bb"/></dir></dir></dir></target><target name="magedesign"><dir name="adminhtml"><dir name="default"><dir name="default"><dir name="template"><dir name="fontis"><dir name="australia"><dir name="payment"><dir name="bpay"><file name="form.phtml" hash="3d5804d766b238aa45d9c37224215ba7"/><file name="info.phtml" hash="915770cc66f2d07b240b0acdee1e5947"/></dir><dir name="directdeposit"><file name="form.phtml" hash="5a607a3098e3cf7523cba93f74d22ccb"/><file name="info.phtml" hash="af582ae19c575ff41d83cedf830728cb"/></dir></dir><dir name="system"><dir name="config"><dir name="form"><dir name="field"><file name="array_dropdown.phtml" hash="dbeee20f09fcb3a09488788db4208ee1"/></dir></dir></dir></dir></dir></dir></dir></dir></dir></dir><dir name="frontend"><dir name="base"><dir name="default"><dir name="layout"><dir name="fontis"><file name="australia.xml" hash="bd58dc2f5b5c1ae4633d656e40ac925d"/></dir></dir><dir name="template"><dir name="fontis"><dir name="australia"><dir name="checkout"><dir name="address"><file name="failure.phtml" hash="2fbdb15312a7c4179924fb63c8a42cf8"/><file name="suggestion.phtml" hash="c54c27c2bc2ebeac2e99d299b0097c23"/></dir><file name="onepage.phtml" hash="9af6661a610d07900d0f9627d930f520"/></dir><dir name="payment"><dir name="bpay"><file name="details.phtml" hash="17754c8125e69d792c7647746f58f2d6"/><file name="form.phtml" hash="95fc335f5ce746620969590243e4eeff"/><file name="info.phtml" hash="19fb03e34f2fcd56b6863e6c2ecc9dc4"/><file name="success.phtml" hash="d7fcff8236414347a6c5ba96146f8739"/></dir><dir name="directdeposit"><file name="form.phtml" hash="db0e673add121406a65fe8051eaf4766"/><file name="info.phtml" hash="18af88d08fbf563b540d95012988aa04"/><file name="success.phtml" hash="531b2f65df1b7515d9e3731503102595"/></dir></dir><file name="postcode-checkout.phtml" hash="7def41a2bcd07309b2c8c4b4d83e3ad8"/><file name="postcode.phtml" hash="c7672d4792762b456bab3f6ea23adb49"/></dir></dir></dir></dir></dir></dir></target><target name="mageetc"><dir name="modules"><file name="Fontis_Australia.xml" hash="8da197b82d59caa47d51ce42c636a1d6"/><file name="Fontis_Info.xml" hash="efea5e6712a0d7fd59f36f668278c08b"/></dir></target><target name="magelib"><dir name="Doghouse"><dir name="Australia"><dir name="Eparcel"><dir name="Parcel"><file name="Carton.php" hash="7ad715c0833e4deb43e16b3b3c4a2e82"/></dir><file name="Parcel.php" hash="de466fcd5db65c712b34eb8f2d7c9fd6"/><dir name="Record"><dir name="Article"><file name="CubicWeight.php" hash="6f640a55dcf100a18d2ed2d26403881a"/></dir><file name="Article.php" hash="908fc0bab8d53ea79c77f3004c0adb56"/><file name="Consignment.php" hash="39a510e8f02c1be08ca06c10e67cad01"/><file name="Good.php" hash="12b0f6cdb2ddd05c2337ebb5cd1bc00d"/></dir><file name="Record.php" hash="c6556fa6b6081695dfc2d13103421d5f"/></dir><file name="Eparcel.php" hash="c95976309f54461cf9ddf923cdcaa825"/></dir></dir></target><target name="mageskin"><dir name="frontend"><dir name="base"><dir name="default"><dir name="fontis"><dir name="australia"><dir name="css"><file name="opcheckout.css" hash="d726aaf972ea54d153450f661ba421f1"/><file name="postcode-autocomplete.css" hash="0022ba1e83d3ba1fedb960afb4ea6547"/></dir><dir name="images"><file name="bpay.png" hash="18adb994c6381d1ce92ed71731cf5840"/></dir><dir name="js"><file name="opcheckout.js" hash="707201da81246d926df542352ace1a22"/></dir></dir></dir></dir></dir></dir></target></contents>
    <compatible/>
    <dependencies><required><php><min>5.3.0</min><max>6.0.0</max></php></required></dependencies>
</package>
