<?xml version="1.0"?>
<!--
/**
 * Fontis Australia Extension
 *
 * NOTICE OF LICENSE
 *
 * This source file is subject to the Open Software License (OSL 3.0)
 * that is bundled with this package in the file LICENSE.txt.
 * It is also available through the world-wide-web at this URL:
 * http://opensource.org/licenses/osl-3.0.php
 *
 * @category   Fontis
 * @package    Fontis_Australia
 * @author     Chris Norton
 * @copyright  Copyright (c) 2014 Fontis Pty. Ltd. (http://www.fontis.com.au)
 * @license    http://opensource.org/licenses/osl-3.0.php  Open Software License (OSL 3.0)
 */
-->
<config>
    <acl>
        <resources>
            <admin>
                <children>
                    <system>
                        <children>
                            <config>
                                <children>
                                    <fontis_australia>
                                        <title>Australia Section</title>
                                    </fontis_australia>
                                    <fontis_feeds>
                                        <title>Feeds Section</title>
                                    </fontis_feeds>
                                    <doghouse_eparcelexport>
                                        <title>eParcel Export Section</title>
                                    </doghouse_eparcelexport>
                                </children>
                            </config>
                        </children>
                    </system>
                </children>
            </admin>
        </resources>
    </acl>
</config>
