<?xml version="1.0"?>
<!--
/**
 * Fontis Australia Extension
 *
 * NOTICE OF LICENSE
 *
 * This source file is subject to the Open Software License (OSL 3.0)
 * that is bundled with this package in the file LICENSE.txt.
 * It is also available through the world-wide-web at this URL:
 * http://opensource.org/licenses/osl-3.0.php
 *
 * @category   Fontis
 * @package    Fontis_Australia
 * @author     Chris Norton
 * @copyright  Copyright (c) 2014 Fontis Pty. Ltd. (http://www.fontis.com.au)
 * @license    http://opensource.org/licenses/osl-3.0.php  Open Software License (OSL 3.0)
 */
-->
<config>
    <tabs>
        <fontis_extensions translate="label" module="australia">
            <label>Fontis Extensions</label>
            <sort_order>1000000</sort_order>
        </fontis_extensions>
    </tabs>
    <sections>
        <carriers>
            <groups>
                <australiapost translate="label" module="australia">
                    <label>Australia Post</label>
                    <frontend_type>text</frontend_type>
                    <sort_order>1000</sort_order>
                    <show_in_default>1</show_in_default>
                    <show_in_website>1</show_in_website>
                    <show_in_store>1</show_in_store>
                    <fields>
                        <active translate="label">
                            <label>Enabled</label>
                            <frontend_type>select</frontend_type>
                            <source_model>adminhtml/system_config_source_yesno</source_model>
                            <sort_order>10</sort_order>
                            <show_in_default>1</show_in_default>
                            <show_in_website>1</show_in_website>
                            <show_in_store>1</show_in_store>
                        </active>
                        <developer_mode translate="label comment">
                            <label>Developer Mode</label>
                            <frontend_type>select</frontend_type>
                            <source_model>adminhtml/system_config_source_yesno</source_model>
                            <sort_order>20</sort_order>
                            <show_in_default>1</show_in_default>
                            <show_in_website>1</show_in_website>
                            <show_in_store>1</show_in_store>
                            <comment>Use the Australia Post test environment to get shipping rates. Not recommended for production use.</comment>
                        </developer_mode>
                        <api_key translate="label">
                            <label>API Key</label>
                            <frontend_type>obscure</frontend_type>
                            <backend_model>adminhtml/system_config_backend_encrypted</backend_model>
                            <sort_order>30</sort_order>
                            <show_in_default>1</show_in_default>
                            <show_in_website>1</show_in_website>
                            <show_in_store>1</show_in_store>
                            <comment>Register for an API key at: http://auspost.com.au/devcentre/registration.html</comment>
                        </api_key>
                        <allowed_methods translate="label">
                            <label>Allowed Methods</label>
                            <frontend_type>multiselect</frontend_type>
                            <source_model>australia/shipping_carrier_australiapost_source_method</source_model>
                            <sort_order>40</sort_order>
                            <show_in_default>1</show_in_default>
                            <show_in_website>1</show_in_website>
                            <show_in_store>1</show_in_store>
                        </allowed_methods>
                        <signature_on_delivery>
                            <label>Signature on Delivery</label>
                            <frontend_type>select</frontend_type>
                            <source_model>australia/shipping_carrier_australiapost_source_visibility</source_model>
                            <sort_order>50</sort_order>
                            <show_in_default>1</show_in_default>
                            <show_in_website>1</show_in_website>
                            <show_in_store>1</show_in_store>
                            <comment>Controls whether shipping methods with the Signature on Delivery option are shown. If set to 'Required', only shipping methods with this option will be shown. If set to 'Never', shipping methods with this option will not be shown. If set to 'Optional', shipping methods both with and without this option will be shown, allowing the customer to choose.</comment>
                        </signature_on_delivery>
                        <extra_cover>
                            <label>Extra Cover</label>
                            <frontend_type>select</frontend_type>
                            <source_model>australia/shipping_carrier_australiapost_source_visibility</source_model>
                            <sort_order>60</sort_order>
                            <show_in_default>1</show_in_default>
                            <show_in_website>1</show_in_website>
                            <show_in_store>1</show_in_store>
                            <comment>Controls whether shipping methods with the Extra Cover option are shown (see above).</comment>
                        </extra_cover>
                        <pick_up>
                            <label>Pick Up (Metro Only)</label>
                            <frontend_type>select</frontend_type>
                            <source_model>australia/shipping_carrier_australiapost_source_visibility</source_model>
                            <sort_order>70</sort_order>
                            <show_in_default>1</show_in_default>
                            <show_in_website>1</show_in_website>
                            <show_in_store>1</show_in_store>
                            <comment>Controls whether shipping methods with the Pick Up option are shown (see above).</comment>
                        </pick_up>
                        <sallowspecific label="label">
                            <label>Ship to Applicable Countries</label>
                            <frontend_type>select</frontend_type>
                            <sort_order>80</sort_order>
                            <frontend_class>shipping-applicable-country</frontend_class>
                            <source_model>adminhtml/system_config_source_shipping_allspecificcountries</source_model>
                            <show_in_default>1</show_in_default>
                            <show_in_website>1</show_in_website>
                            <show_in_store>0</show_in_store>
                        </sallowspecific>
                        <specificcountry translate="label">
                            <label>Ship to Specific Countries</label>
                            <frontend_type>multiselect</frontend_type>
                            <sort_order>90</sort_order>
                            <source_model>adminhtml/system_config_source_country</source_model>
                            <show_in_default>1</show_in_default>
                            <show_in_website>1</show_in_website>
                            <show_in_store>0</show_in_store>
                            <can_be_empty>1</can_be_empty>
                        </specificcountry>
                        <length_attribute>
                            <label>Length Attribute</label>
                            <frontend_type>text</frontend_type>
                            <sort_order>100</sort_order>
                            <show_in_default>1</show_in_default>
                            <show_in_website>1</show_in_website>
                            <show_in_store>1</show_in_store>
                            <comment>Product attribute code used for length. This will be used to calculate shipping rates for orders with only one product. For orders with more than one product (or if this field is not set) then Default Parcel Length will be used for calculating prices.</comment>
                        </length_attribute>
                        <default_length>
                            <label>Default Parcel Length (cm)</label>
                            <frontend_type>text</frontend_type>
                            <sort_order>110</sort_order>
                            <show_in_default>1</show_in_default>
                            <show_in_website>1</show_in_website>
                            <show_in_store>1</show_in_store>
                        </default_length>
                        <width_attribute>
                            <label>Width Attribute</label>
                            <frontend_type>text</frontend_type>
                            <sort_order>120</sort_order>
                            <show_in_default>1</show_in_default>
                            <show_in_website>1</show_in_website>
                            <show_in_store>1</show_in_store>
                            <comment>Product attribute code used for width (see above).</comment>
                        </width_attribute>
                        <default_width>
                            <label>Default Parcel Width (cm)</label>
                            <frontend_type>text</frontend_type>
                            <sort_order>130</sort_order>
                            <show_in_default>1</show_in_default>
                            <show_in_website>1</show_in_website>
                            <show_in_store>1</show_in_store>
                        </default_width>
                        <height_attribute>
                            <label>Height Attribute</label>
                            <frontend_type>text</frontend_type>
                            <sort_order>140</sort_order>
                            <show_in_default>1</show_in_default>
                            <show_in_website>1</show_in_website>
                            <show_in_store>1</show_in_store>
                            <comment>Product attribute code used for height (see above).</comment>
                        </height_attribute>
                        <default_height>
                            <label>Default Parcel Height (cm)</label>
                            <frontend_type>text</frontend_type>
                            <sort_order>150</sort_order>
                            <show_in_default>1</show_in_default>
                            <show_in_website>1</show_in_website>
                            <show_in_store>1</show_in_store>
                        </default_height>
                        <default_weight>
                            <label>Default Parcel Weight (kg)</label>
                            <frontend_type>text</frontend_type>
                            <sort_order>160</sort_order>
                            <show_in_default>1</show_in_default>
                            <show_in_website>1</show_in_website>
                            <show_in_store>1</show_in_store>
                        </default_weight>
                    </fields>
                </australiapost>
                <eparcel translate="label">
                    <label>Australia Post eParcel</label>
                    <frontend_type>text</frontend_type>
                    <sort_order>1001</sort_order>
                    <show_in_default>1</show_in_default>
                    <show_in_website>1</show_in_website>
                    <show_in_store>1</show_in_store>
                    <fields>
                        <handling_type translate="label">
                            <label>Calculate Handling Fee</label>
                            <frontend_type>select</frontend_type>
                            <source_model>shipping/source_handlingType</source_model>
                            <sort_order>7</sort_order>
                            <show_in_default>1</show_in_default>
                            <show_in_website>1</show_in_website>
                            <show_in_store>0</show_in_store>
                        </handling_type>
                        <handling_fee translate="label">
                            <label>Handling Fee</label>
                            <frontend_type>text</frontend_type>
                            <sort_order>8</sort_order>
                            <show_in_default>1</show_in_default>
                            <show_in_website>1</show_in_website>
                            <show_in_store>1</show_in_store>
                        </handling_fee>
                        <merchant_location_id translate="label">
                            <label>Merchant Location ID</label>
                            <frontend_type>text</frontend_type>
                            <sort_order>9</sort_order>
                            <show_in_default>1</show_in_default>
                            <show_in_website>1</show_in_website>
                            <show_in_store>1</show_in_store>
                            <comment>Provided by Australia Post. The unique ID specifying a specific merchant location.</comment>
                        </merchant_location_id>
                        <post_charge_account translate="label">
                            <label>Post Charge To Account</label>
                            <frontend_type>text</frontend_type>
                            <sort_order>11</sort_order>
                            <show_in_default>1</show_in_default>
                            <show_in_website>1</show_in_website>
                            <show_in_store>1</show_in_store>
                            <comment>Merchant account to which Australia Post "post" the charges against for invoicing purposes.</comment>
                        </post_charge_account>

                        <signature_required translate="label">
                            <label>Signature Required</label>
                            <frontend_type>select</frontend_type>
                            <source_model>adminhtml/system_config_source_yesno</source_model>
                            <sort_order>12</sort_order>
                            <show_in_default>1</show_in_default>
                            <show_in_website>1</show_in_website>
                            <show_in_store>1</show_in_store>
                            <comment>If Yes, Australia Post will attempt to capture a signature and if no-one is in attendance the consignment will be "carded".</comment>
                        </signature_required>
                        <signature_cost translate="label">
                            <label>Signature Cost</label>
                            <frontend_type>text</frontend_type>
                            <sort_order>13</sort_order>
                            <show_in_default>1</show_in_default>
                            <show_in_website>1</show_in_website>
                            <show_in_store>1</show_in_store>
                            <comment>Additional amount to charge for requiring a signature.</comment>
                        </signature_cost>
                        <insurance_enable translate="label">
                            <label>Enable Insurance</label>
                            <frontend_type>select</frontend_type>
                            <source_model>adminhtml/system_config_source_yesno</source_model>
                            <sort_order>19</sort_order>
                            <show_in_default>1</show_in_default>
                            <show_in_website>1</show_in_website>
                            <show_in_store>1</show_in_store>
                        </insurance_enable>
                        <insurance_step translate="label">
                            <label>Insurance Step</label>
                            <frontend_type>text</frontend_type>
                            <sort_order>20</sort_order>
                            <show_in_default>1</show_in_default>
                            <show_in_website>1</show_in_website>
                            <show_in_store>1</show_in_store>
                            <comment>If insurance is $1.05 per $100, set this field to 100.0</comment>
                        </insurance_step>
                        <insurance_cost_per_step translate="label">
                            <label>Insurance Cost Per Step</label>
                            <frontend_type>text</frontend_type>
                            <sort_order>21</sort_order>
                            <show_in_default>1</show_in_default>
                            <show_in_website>1</show_in_website>
                            <show_in_store>1</show_in_store>
                            <comment>If insurance is $1.05 per $100, set this field to 1.05</comment>
                        </insurance_cost_per_step>


                        <active translate="label">
                            <label>Enabled</label>
                            <frontend_type>select</frontend_type>
                            <source_model>adminhtml/system_config_source_yesno</source_model>
                            <sort_order>1</sort_order>
                            <show_in_default>1</show_in_default>
                            <show_in_website>1</show_in_website>
                            <show_in_store>1</show_in_store>
                        </active>
                        <condition_name translate="label">
                            <label>Condition</label>
                            <frontend_type>select</frontend_type>
                            <source_model>australia/shipping_config_eparcelcondition</source_model>
                            <sort_order>4</sort_order>
                            <show_in_default>1</show_in_default>
                            <show_in_website>1</show_in_website>
                            <show_in_store>0</show_in_store>
                        </condition_name>
                        <export translate="label">
                            <label>Export</label>
                            <frontend_type>button</frontend_type>
                            <frontend_model>australia/eparcel_rate_export</frontend_model>
                            <sort_order>5</sort_order>
                            <show_in_default>0</show_in_default>
                            <show_in_website>1</show_in_website>
                            <show_in_store>0</show_in_store>
                        </export>
                        <import translate="label">
                            <label>Import</label>
                            <frontend_type>import</frontend_type>
                            <backend_model>australia/shipping_config_eparcel</backend_model>
                            <sort_order>6</sort_order>
                            <show_in_default>0</show_in_default>
                            <show_in_website>1</show_in_website>
                            <show_in_store>0</show_in_store>
                        </import>
                        <name translate="label">
                            <label>Method name</label>
                            <frontend_type>text</frontend_type>
                            <sort_order>3</sort_order>
                            <show_in_default>1</show_in_default>
                            <show_in_website>1</show_in_website>
                            <show_in_store>1</show_in_store>
                        </name>
                        <sort_order translate="label">
                            <label>Sort order</label>
                            <frontend_type>text</frontend_type>
                            <sort_order>100</sort_order>
                            <show_in_default>1</show_in_default>
                            <show_in_website>1</show_in_website>
                            <show_in_store>1</show_in_store>
                        </sort_order>
                        <title translate="label">
                            <label>Title</label>
                            <frontend_type>text</frontend_type>
                            <sort_order>2</sort_order>
                            <show_in_default>1</show_in_default>
                            <show_in_website>1</show_in_website>
                            <show_in_store>1</show_in_store>
                        </title>

                        <return_name>
                            <label>Return Address Name</label>
                            <frontend_type>text</frontend_type>
                            <sort_order>60</sort_order>
                            <show_in_default>1</show_in_default>
                            <show_in_website>1</show_in_website>
                            <show_in_store>1</show_in_store>
                        </return_name>
                        <return_addressline_1>
                            <label>Return Address Line 1</label>
                            <frontend_type>text</frontend_type>
                            <sort_order>61</sort_order>
                            <show_in_default>1</show_in_default>
                            <show_in_website>1</show_in_website>
                            <show_in_store>1</show_in_store>
                        </return_addressline_1>
                        <return_addressline_2>
                            <label>Return Address Line 2</label>
                            <frontend_type>text</frontend_type>
                            <sort_order>62</sort_order>
                            <show_in_default>1</show_in_default>
                            <show_in_website>1</show_in_website>
                            <show_in_store>1</show_in_store>
                        </return_addressline_2>
                        <return_addressline_3>
                            <label>Return Address Line 3</label>
                            <frontend_type>text</frontend_type>
                            <sort_order>63</sort_order>
                            <show_in_default>1</show_in_default>
                            <show_in_website>1</show_in_website>
                            <show_in_store>1</show_in_store>
                        </return_addressline_3>
                        <return_addressline_4>
                            <label>Return Address Line 4</label>
                            <frontend_type>text</frontend_type>
                            <sort_order>64</sort_order>
                            <show_in_default>1</show_in_default>
                            <show_in_website>1</show_in_website>
                            <show_in_store>1</show_in_store>
                        </return_addressline_4>
                        <return_suburb>
                            <label>Return Suburb</label>
                            <frontend_type>text</frontend_type>
                            <sort_order>65</sort_order>
                            <show_in_default>1</show_in_default>
                            <show_in_website>1</show_in_website>
                            <show_in_store>1</show_in_store>
                        </return_suburb>
                        <return_state>
                            <label>Return State Code</label>
                            <frontend_type>text</frontend_type>
                            <sort_order>66</sort_order>
                            <show_in_default>1</show_in_default>
                            <show_in_website>1</show_in_website>
                            <show_in_store>1</show_in_store>
                            <comment>Must be a two- or three-letter state code</comment>
                        </return_state>
                        <return_postcode>
                            <label>Return Postcode</label>
                            <frontend_type>text</frontend_type>
                            <sort_order>67</sort_order>
                            <show_in_default>1</show_in_default>
                            <show_in_website>1</show_in_website>
                            <show_in_store>1</show_in_store>
                        </return_postcode>

                        <sallowspecific translate="label">
                            <label>Ship to applicable countries</label>
                            <frontend_type>select</frontend_type>
                            <sort_order>90</sort_order>
                            <frontend_class>shipping-applicable-country</frontend_class>
                            <source_model>adminhtml/system_config_source_shipping_allspecificcountries</source_model>
                            <show_in_default>1</show_in_default>
                            <show_in_website>1</show_in_website>
                            <show_in_store>1</show_in_store>
                        </sallowspecific>
                        <specificcountry translate="label">
                            <label>Ship to Specific countries</label>
                            <frontend_type>multiselect</frontend_type>
                            <sort_order>91</sort_order>
                            <source_model>adminhtml/system_config_source_country</source_model>
                            <show_in_default>1</show_in_default>
                            <show_in_website>1</show_in_website>
                            <show_in_store>1</show_in_store>
                        </specificcountry>
                        <showmethod translate="label">
                            <label>Show method if not applicable</label>
                            <frontend_type>select</frontend_type>
                            <sort_order>92</sort_order>
                            <source_model>adminhtml/system_config_source_yesno</source_model>
                            <show_in_default>1</show_in_default>
                            <show_in_website>1</show_in_website>
                            <show_in_store>1</show_in_store>
                        </showmethod>
                        <specificerrmsg translate="label">
                            <label>Displayed Error Message</label>
                            <frontend_type>textarea</frontend_type>
                            <sort_order>80</sort_order>
                            <show_in_default>1</show_in_default>
                            <show_in_website>1</show_in_website>
                            <show_in_store>1</show_in_store>
                        </specificerrmsg>
                    </fields>
                </eparcel>
            </groups>
        </carriers>
        <payment translate="label" module="payment">
            <groups>
                <bpay translate="label">
                    <label>BPAY</label>
                    <frontend_type>text</frontend_type>
                    <sort_order>5</sort_order>
                    <show_in_default>1</show_in_default>
                    <show_in_website>1</show_in_website>
                    <show_in_store>0</show_in_store>
                    <fields>
                        <active translate="label">
                            <label>Enabled</label>
                            <frontend_type>select</frontend_type>
                            <source_model>adminhtml/system_config_source_yesno</source_model>
                            <sort_order>1</sort_order>
                            <show_in_default>1</show_in_default>
                            <show_in_website>1</show_in_website>
                            <show_in_store>0</show_in_store>
                        </active>
                        <order_status>
                            <label>New Order Status</label>
                            <frontend_type>select</frontend_type>
                            <source_model>adminhtml/system_config_source_order_status_new</source_model>
                            <sort_order>2</sort_order>
                            <show_in_default>1</show_in_default>
                            <show_in_website>1</show_in_website>
                            <show_in_store>0</show_in_store>
                        </order_status>
                        <customer_group_access translate="label">
                            <label>Customer Group Access</label>
                            <frontend_type>select</frontend_type>
                            <source_model>australia/config_customerGroupAccess</source_model>
                            <sort_order>3</sort_order>
                            <show_in_default>1</show_in_default>
                            <show_in_website>1</show_in_website>
                            <show_in_store>0</show_in_store>
                        </customer_group_access>
                        <customer_group translate="label">
                            <label>Customer Group</label>
                            <frontend_type>select</frontend_type>
                            <source_model>australia/config_customerGroups</source_model>
                            <sort_order>4</sort_order>
                            <show_in_default>1</show_in_default>
                            <show_in_website>1</show_in_website>
                            <show_in_store>0</show_in_store>
                        </customer_group>
                        <sort_order translate="label">
                            <label>Sort order</label>
                            <frontend_type>text</frontend_type>
                            <sort_order>100</sort_order>
                            <show_in_default>1</show_in_default>
                            <show_in_website>1</show_in_website>
                            <show_in_store>0</show_in_store>
                        </sort_order>
                        <title translate="label">
                            <label>Title</label>
                            <frontend_type>text</frontend_type>
                            <sort_order>1</sort_order>
                            <show_in_default>1</show_in_default>
                            <show_in_website>1</show_in_website>
                            <show_in_store>0</show_in_store>
                        </title>
                        <biller_code translate="label">
                            <label>Biller Code</label>
                            <sort_order>61</sort_order>
                            <show_in_default>1</show_in_default>
                            <show_in_website>1</show_in_website>
                            <show_in_store>1</show_in_store>
                        </biller_code>
                        <calculate_using_customerid translate="label">
                            <label>Use Customer ID for Ref</label>
                            <frontend_type>select</frontend_type>
                            <source_model>adminhtml/system_config_source_yesno</source_model>
                            <sort_order>62</sort_order>
                            <show_in_default>1</show_in_default>
                            <show_in_website>1</show_in_website>
                            <show_in_store>1</show_in_store>
                            <comment>Normally set to NO unless you use BPAY for recurring payments. Guest checkouts are NOT supported if this is set to YES.</comment>
                        </calculate_using_customerid>
                        <accept_credit_cards translate="label">
                            <label>Accepts Credit Cards</label>
                            <frontend_type>select</frontend_type>
                            <source_model>adminhtml/system_config_source_yesno</source_model>
                            <sort_order>63</sort_order>
                            <show_in_default>1</show_in_default>
                            <show_in_website>1</show_in_website>
                            <show_in_store>1</show_in_store>
                            <comment>Set to NO if you do not accept credit card payments through BPAY. This simply changes the text presented to the customer.</comment>
                        </accept_credit_cards>
                        <message translate="label">
                            <label>Message</label>
                            <sort_order>64</sort_order>
                            <show_in_default>1</show_in_default>
                            <show_in_website>1</show_in_website>
                            <show_in_store>1</show_in_store>
                            <comment>Displayed during checkout. Customise this to notify your customers that they will be presented with BPAY information after checkout.</comment>
                        </message>
                        <allowspecific translate="label">
                            <label>Payment from applicable countries</label>
                            <frontend_type>allowspecific</frontend_type>
                            <sort_order>80</sort_order>
                            <source_model>adminhtml/system_config_source_payment_allspecificcountries</source_model>
                            <show_in_default>1</show_in_default>
                            <show_in_website>1</show_in_website>
                            <show_in_store>1</show_in_store>
                        </allowspecific>
                        <specificcountry translate="label">
                            <label>Payment from Specific countries</label>
                            <frontend_type>multiselect</frontend_type>
                            <sort_order>81</sort_order>
                            <source_model>adminhtml/system_config_source_country</source_model>
                            <show_in_default>1</show_in_default>
                            <show_in_website>1</show_in_website>
                            <show_in_store>1</show_in_store>
                        </specificcountry>
                        <min_order_total>
                            <label>Minimum Order Total</label>
                            <frontend_type>text</frontend_type>
                            <sort_order>98</sort_order>
                            <show_in_default>1</show_in_default>
                            <show_in_website>1</show_in_website>
                            <show_in_store>0</show_in_store>
                        </min_order_total>
                        <max_order_total>
                            <label>Maximum Order Total</label>
                            <frontend_type>text</frontend_type>
                            <sort_order>99</sort_order>
                            <show_in_default>1</show_in_default>
                            <show_in_website>1</show_in_website>
                            <show_in_store>0</show_in_store>
                        </max_order_total>
                        <model>
                        </model>
                    </fields>
                </bpay>
                <directdeposit_au translate="label">
                    <label>Direct Deposit (AU)</label>
                    <frontend_type>text</frontend_type>
                    <sort_order>1</sort_order>
                    <show_in_default>1</show_in_default>
                    <show_in_website>1</show_in_website>
                    <show_in_store>0</show_in_store>
                    <fields>
                        <active translate="label">
                            <label>Enabled</label>
                            <frontend_type>select</frontend_type>
                            <source_model>adminhtml/system_config_source_yesno</source_model>
                            <sort_order>1</sort_order>
                            <show_in_default>1</show_in_default>
                            <show_in_website>1</show_in_website>
                            <show_in_store>0</show_in_store>
                        </active>
                        <order_status>
                            <label>New Order Status</label>
                            <frontend_type>select</frontend_type>
                            <source_model>adminhtml/system_config_source_order_status_new</source_model>
                            <sort_order>2</sort_order>
                            <show_in_default>1</show_in_default>
                            <show_in_website>1</show_in_website>
                            <show_in_store>0</show_in_store>
                        </order_status>
                        <customer_group_access translate="label">
                            <label>Customer Group Access</label>
                            <frontend_type>select</frontend_type>
                            <source_model>australia/config_customerGroupAccess</source_model>
                            <sort_order>3</sort_order>
                            <show_in_default>1</show_in_default>
                            <show_in_website>1</show_in_website>
                            <show_in_store>0</show_in_store>
                        </customer_group_access>
                        <customer_group translate="label">
                            <label>Customer Group</label>
                            <frontend_type>select</frontend_type>
                            <source_model>australia/config_customerGroups</source_model>
                            <sort_order>4</sort_order>
                            <show_in_default>1</show_in_default>
                            <show_in_website>1</show_in_website>
                            <show_in_store>0</show_in_store>
                        </customer_group>
                        <sort_order translate="label">
                            <label>Sort order</label>
                            <frontend_type>text</frontend_type>
                            <sort_order>100</sort_order>
                            <show_in_default>1</show_in_default>
                            <show_in_website>1</show_in_website>
                            <show_in_store>0</show_in_store>
                        </sort_order>
                        <title translate="label">
                            <label>Title</label>
                            <frontend_type>text</frontend_type>
                            <sort_order>1</sort_order>
                            <show_in_default>1</show_in_default>
                            <show_in_website>1</show_in_website>
                            <show_in_store>0</show_in_store>
                        </title>
                        <account_name translate="label">
                            <label>Account Name</label>
                            <sort_order>61</sort_order>
                            <show_in_default>1</show_in_default>
                            <show_in_website>1</show_in_website>
                            <show_in_store>1</show_in_store>
                        </account_name>
                        <account_bsb translate="label">
                            <label>Account BSB</label>
                            <sort_order>62</sort_order>
                            <show_in_default>1</show_in_default>
                            <show_in_website>1</show_in_website>
                            <show_in_store>1</show_in_store>
                        </account_bsb>
                        <account_number translate="label">
                            <label>Account Number</label>
                            <sort_order>63</sort_order>
                            <show_in_default>1</show_in_default>
                            <show_in_website>1</show_in_website>
                            <show_in_store>1</show_in_store>
                        </account_number>
                        <message translate="label">
                            <label>Message</label>
                            <sort_order>64</sort_order>
                            <show_in_default>1</show_in_default>
                            <show_in_website>1</show_in_website>
                            <show_in_store>1</show_in_store>
                        </message>
                        <allowspecific translate="label">
                            <label>Payment from applicable countries</label>
                            <frontend_type>allowspecific</frontend_type>
                            <sort_order>80</sort_order>
                            <source_model>adminhtml/system_config_source_payment_allspecificcountries</source_model>
                            <show_in_default>1</show_in_default>
                            <show_in_website>1</show_in_website>
                            <show_in_store>1</show_in_store>
                        </allowspecific>
                        <specificcountry translate="label">
                            <label>Payment from Specific countries</label>
                            <frontend_type>multiselect</frontend_type>
                            <sort_order>81</sort_order>
                            <source_model>adminhtml/system_config_source_country</source_model>
                            <show_in_default>1</show_in_default>
                            <show_in_website>1</show_in_website>
                            <show_in_store>1</show_in_store>
                        </specificcountry>
                        <min_order_total>
                            <label>Minimum Order Total</label>
                            <frontend_type>text</frontend_type>
                            <sort_order>98</sort_order>
                            <show_in_default>1</show_in_default>
                            <show_in_website>1</show_in_website>
                            <show_in_store>0</show_in_store>
                        </min_order_total>
                        <max_order_total>
                            <label>Maximum Order Total</label>
                            <frontend_type>text</frontend_type>
                            <sort_order>99</sort_order>
                            <show_in_default>1</show_in_default>
                            <show_in_website>1</show_in_website>
                            <show_in_store>0</show_in_store>
                        </max_order_total>
                        <model>
                        </model>
                    </fields>
                </directdeposit_au>
            </groups>
        </payment>

        <fontis_australia>
            <label>Australia</label>
            <tab>fontis_extensions</tab>
            <frontend_type>text</frontend_type>
            <sort_order>999999</sort_order>
            <show_in_default>1</show_in_default>
            <show_in_website>1</show_in_website>
            <show_in_store>1</show_in_store>
            <groups>
                <business translate="label">
                    <label>Business Details</label>
                    <frontend_type>text</frontend_type>
                    <sort_order>0</sort_order>
                    <show_in_default>1</show_in_default>
                    <show_in_website>1</show_in_website>
                    <show_in_store>1</show_in_store>
                    <fields>
                        <abn translate="label">
                            <label>ABN</label>
                            <frontend_type>text</frontend_type>
                            <sort_order>1</sort_order>
                            <show_in_default>1</show_in_default>
                            <show_in_website>1</show_in_website>
                            <show_in_store>1</show_in_store>
                            <comment>(Australian Business Number)</comment>
                        </abn>
                        <phone translate="label">
                            <label>Phone Number</label>
                            <frontend_type>text</frontend_type>
                            <sort_order>2</sort_order>
                            <show_in_default>1</show_in_default>
                            <show_in_website>1</show_in_website>
                            <show_in_store>1</show_in_store>
                        </phone>
                    </fields>
                </business>
                <postcode_autocomplete translate="label">
                    <label>Postcode Autocomplete</label>
                    <frontend_type>text</frontend_type>
                    <sort_order>10</sort_order>
                    <show_in_default>1</show_in_default>
                    <show_in_website>1</show_in_website>
                    <show_in_store>1</show_in_store>
                    <fields>
                        <enabled translate="label">
                            <label>Enabled</label>
                            <frontend_type>select</frontend_type>
                            <source_model>adminhtml/system_config_source_yesno</source_model>
                            <sort_order>10</sort_order>
                            <show_in_default>1</show_in_default>
                            <show_in_website>1</show_in_website>
                            <show_in_store>1</show_in_store>
                        </enabled>
                        <max_results translate="label">
                            <label>Maximum Number of Results</label>
                            <frontend_type>text</frontend_type>
                            <validate>validate-number</validate>
                            <sort_order>20</sort_order>
                            <show_in_default>1</show_in_default>
                            <show_in_website>1</show_in_website>
                            <show_in_store>1</show_in_store>
                        </max_results>
                    </fields>
                </postcode_autocomplete>
                <address_validation translate="label">
                    <label>Address Validation</label>
                    <frontend_type>text</frontend_type>
                    <sort_order>20</sort_order>
                    <show_in_default>1</show_in_default>
                    <show_in_website>1</show_in_website>
                    <show_in_store>1</show_in_store>
                    <fields>
                        <enabled translate="label comment">
                            <label>Enabled</label>
                            <frontend_type>select</frontend_type>
                            <source_model>adminhtml/system_config_source_yesno</source_model>
                            <sort_order>10</sort_order>
                            <show_in_default>1</show_in_default>
                            <show_in_website>1</show_in_website>
                            <show_in_store>1</show_in_store>
                            <comment>Turn on address validation during the billing and shipping sections of the checkout.</comment>
                        </enabled>
                        <backend translate="label comment">
                            <label>Backend</label>
                            <frontend_type>select</frontend_type>
                            <source_model>australia/address_config_backend</source_model>
                            <sort_order>20</sort_order>
                            <show_in_default>1</show_in_default>
                            <show_in_website>1</show_in_website>
                            <show_in_store>1</show_in_store>
                            <comment>You will need to fill in the Australia Post Delivery Choices section to use the Australia Post address validation service.</comment>
                        </backend>
                        <delivery_choices_developer_mode translate="label">
                            <label>Delivery Choices Developer Mode</label>
                            <frontend_type>select</frontend_type>
                            <source_model>adminhtml/system_config_source_yesno</source_model>
                            <sort_order>30</sort_order>
                            <show_in_default>1</show_in_default>
                            <show_in_website>1</show_in_website>
                            <show_in_store>1</show_in_store>
                            <depends><backend>australia/address_australiapost</backend></depends>
                        </delivery_choices_developer_mode>
                        <delivery_choices_account_email translate="label comment">
                            <label>Delivery Choices Email Address</label>
                            <frontend_type>text</frontend_type>
                            <sort_order>40</sort_order>
                            <show_in_default>1</show_in_default>
                            <show_in_website>1</show_in_website>
                            <show_in_store>1</show_in_store>
                            <depends><backend>australia/address_australiapost</backend></depends>
                            <comment>Your Australia Post Delivery Choices email address is required.</comment>
                        </delivery_choices_account_email>
                        <delivery_choices_account_password translate="label comment">
                            <label>Delivery Choices Password</label>
                            <frontend_type>obscure</frontend_type>
                            <backend_model>adminhtml/system_config_backend_encrypted</backend_model>
                            <sort_order>50</sort_order>
                            <show_in_default>1</show_in_default>
                            <show_in_website>1</show_in_website>
                            <show_in_store>1</show_in_store>
                            <depends><backend>australia/address_australiapost</backend></depends>
                            <comment>Your Australia Post Delivery Choices password is required.</comment>
                        </delivery_choices_account_password>
                    </fields>
                </address_validation>
                <clickandsend translate="label">
                    <label>Australia Post Click &amp; Send</label>
                    <frontend_type>text</frontend_type>
                    <sort_order>30</sort_order>
                    <show_in_default>1</show_in_default>
                    <show_in_website>1</show_in_website>
                    <show_in_store>1</show_in_store>
                    <comment>Allows merchants to export a CSV of selected orders into the Click &amp; Send service for bulk processing. Please note the generated CSV file won't work if you select "Pick and Ship" when importing into Click &amp; Send.</comment>
                    <fields>
                        <active translate="label comment">
                            <label>Enabled</label>
                            <frontend_type>select</frontend_type>
                            <source_model>adminhtml/system_config_source_yesno</source_model>
                            <sort_order>10</sort_order>
                            <show_in_default>1</show_in_default>
                            <show_in_website>1</show_in_website>
                            <show_in_store>1</show_in_store>
                            <comment>Please note you won't be able to import the Courier Post shipping methods or standard shipping methods that have options, e.g. "Parcel Post + Extra Cover", into Click &amp; Send.</comment>
                        </active>
                        <filter translate="label comment">
                            <label>Filter Shipping Methods</label>
                            <frontend_type>select</frontend_type>
                            <source_model>adminhtml/system_config_source_yesno</source_model>
                            <sort_order>11</sort_order>
                            <show_in_default>1</show_in_default>
                            <show_in_website>1</show_in_website>
                            <show_in_store>1</show_in_store>
                            <comment>Don't display Australia Post shipping methods that can't be imported into Click &amp; Send during checkout.</comment>
                        </filter>
                        <export_all translate="label comment">
                            <label>Allow Export All Shipping Methods</label>
                            <frontend_type>select</frontend_type>
                            <source_model>adminhtml/system_config_source_yesno</source_model>
                            <sort_order>12</sort_order>
                            <show_in_default>1</show_in_default>
                            <show_in_website>0</show_in_website>
                            <show_in_store>0</show_in_store>
                            <comment>Allows the merchant to export any order with an Australia Post shipping method even if it can't be imported into Click &amp; Send.</comment>
                        </export_all>
                        <category_of_items>
                            <label>Category of Items</label>
                            <frontend_type>select</frontend_type>
                            <source_model>australia/shipping_carrier_clickandsend_source_categories_item</source_model>
                            <sort_order>20</sort_order>
                            <show_in_default>1</show_in_default>
                            <show_in_website>1</show_in_website>
                            <show_in_store>1</show_in_store>
                        </category_of_items>
                        <category_of_items_explanation>
                            <label>Category of Items Explanation</label>
                            <frontend_type>text</frontend_type>
                            <sort_order>30</sort_order>
                            <show_in_default>1</show_in_default>
                            <show_in_website>1</show_in_website>
                            <show_in_store>1</show_in_store>
                            <comment>This is mandatory if Category of Items is Other.</comment>
                        </category_of_items_explanation>
                        <nondelivery_instructions>
                            <label>Non-delivery instructions</label>
                            <frontend_type>select</frontend_type>
                            <source_model>australia/shipping_carrier_clickandsend_source_instructions_nondelivery</source_model>
                            <sort_order>40</sort_order>
                            <show_in_default>1</show_in_default>
                            <show_in_website>1</show_in_website>
                            <show_in_store>1</show_in_store>
                        </nondelivery_instructions>
                        <return_address>
                            <label>Return Address</label>
                            <frontend_type>text</frontend_type>
                            <sort_order>50</sort_order>
                            <show_in_default>1</show_in_default>
                            <show_in_website>1</show_in_website>
                            <show_in_store>1</show_in_store>
                            <comment>Return to the following address if undeliverable</comment>
                        </return_address>
                        <from_name>
                            <label>From Name</label>
                            <frontend_type>text</frontend_type>
                            <sort_order>60</sort_order>
                            <show_in_default>1</show_in_default>
                            <show_in_website>1</show_in_website>
                            <show_in_store>1</show_in_store>
                        </from_name>
                        <from_company_name>
                            <label>From Company Name</label>
                            <frontend_type>text</frontend_type>
                            <sort_order>70</sort_order>
                            <show_in_default>1</show_in_default>
                            <show_in_website>1</show_in_website>
                            <show_in_store>1</show_in_store>
                        </from_company_name>
                        <from_phone>
                            <label>From Phone</label>
                            <frontend_type>text</frontend_type>
                            <sort_order>80</sort_order>
                            <show_in_default>1</show_in_default>
                            <show_in_website>1</show_in_website>
                            <show_in_store>1</show_in_store>
                        </from_phone>
                        <from_fax>
                            <label>From Fax</label>
                            <frontend_type>text</frontend_type>
                            <sort_order>90</sort_order>
                            <show_in_default>1</show_in_default>
                            <show_in_website>1</show_in_website>
                            <show_in_store>1</show_in_store>
                        </from_fax>
                        <from_email>
                            <label>From Email</label>
                            <frontend_type>text</frontend_type>
                            <sort_order>100</sort_order>
                            <show_in_default>1</show_in_default>
                            <show_in_website>1</show_in_website>
                            <show_in_store>1</show_in_store>
                        </from_email>
                        <from_abn>
                            <label>From ABN</label>
                            <frontend_type>text</frontend_type>
                            <sort_order>110</sort_order>
                            <show_in_default>1</show_in_default>
                            <show_in_website>1</show_in_website>
                            <show_in_store>1</show_in_store>
                            <comment>Click &amp; Send does not support adding spaces to your ABN.</comment>
                        </from_abn>
                        <from_address_line_1>
                            <label>From Address (Line 1)</label>
                            <frontend_type>text</frontend_type>
                            <sort_order>120</sort_order>
                            <show_in_default>1</show_in_default>
                            <show_in_website>1</show_in_website>
                            <show_in_store>1</show_in_store>
                        </from_address_line_1>
                        <from_address_line_2>
                            <label>From Address (Line 2)</label>
                            <frontend_type>text</frontend_type>
                            <sort_order>130</sort_order>
                            <show_in_default>1</show_in_default>
                            <show_in_website>1</show_in_website>
                            <show_in_store>1</show_in_store>
                        </from_address_line_2>
                        <from_address_line_3>
                            <label>From Address (Line 3)</label>
                            <frontend_type>text</frontend_type>
                            <sort_order>140</sort_order>
                            <show_in_default>1</show_in_default>
                            <show_in_website>1</show_in_website>
                            <show_in_store>1</show_in_store>
                        </from_address_line_3>
                        <from_city>
                            <label>From City / Suburb</label>
                            <frontend_type>text</frontend_type>
                            <sort_order>150</sort_order>
                            <show_in_default>1</show_in_default>
                            <show_in_website>1</show_in_website>
                            <show_in_store>1</show_in_store>
                        </from_city>
                        <from_state>
                            <label>From State</label>
                            <frontend_type>text</frontend_type>
                            <sort_order>160</sort_order>
                            <show_in_default>1</show_in_default>
                            <show_in_website>1</show_in_website>
                            <show_in_store>1</show_in_store>
                        </from_state>
                        <from_postcode>
                            <label>From Postcode</label>
                            <frontend_type>text</frontend_type>
                            <sort_order>170</sort_order>
                            <show_in_default>1</show_in_default>
                            <show_in_website>1</show_in_website>
                            <show_in_store>1</show_in_store>
                        </from_postcode>
                        <from_country>
                            <label>From Country</label>
                            <frontend_type>select</frontend_type>
                            <source_model>adminhtml/system_config_source_country</source_model>
                            <sort_order>180</sort_order>
                            <show_in_default>1</show_in_default>
                            <show_in_website>1</show_in_website>
                            <show_in_store>1</show_in_store>
                        </from_country>
                    </fields>
                </clickandsend>
            </groups>
        </fontis_australia>
        <doghouse_eparcelexport translate="label comment">
            <tab>sales</tab>
            <label>eParcel Export</label>
            <frontend_type>text</frontend_type>
            <sort_order>600</sort_order>
            <show_in_default>1</show_in_default>
            <show_in_website>1</show_in_website>
            <show_in_store>1</show_in_store>
            <groups>
                <parcel translate="label comment">
                    <label>Parcel Settings</label>
                    <frontend_type>text</frontend_type>
                    <sort_order>10</sort_order>
                    <show_in_default>1</show_in_default>
                    <show_in_website>1</show_in_website>
                    <show_in_store>1</show_in_store>
                    <fields>
                        <use_cubicweight translate="label">
                            <label>Use Cubic Weight ?</label>
                            <frontend_type>select</frontend_type>
                            <source_model>adminhtml/system_config_source_yesno</source_model>
                            <sort_order>10</sort_order>
                            <show_in_default>1</show_in_default>
                            <show_in_website>1</show_in_website>
                            <show_in_store>1</show_in_store>
                            <comment>Ask your Australia Post account manager how your account is setup.</comment>
                        </use_cubicweight>
                        <weightmax translate="label">
                            <label>Parcel Max Weight</label>
                            <frontend_type>text</frontend_type>
                            <sort_order>15</sort_order>
                            <show_in_default>1</show_in_default>
                            <show_in_website>1</show_in_website>
                            <show_in_store>1</show_in_store>
                            <comment>Kilograms (without box weight)</comment>
                        </weightmax>
                        <width translate="label">
                            <label>Parcel Width</label>
                            <frontend_type>text</frontend_type>
                            <sort_order>21</sort_order>
                            <show_in_default>1</show_in_default>
                            <show_in_website>1</show_in_website>
                            <show_in_store>1</show_in_store>
                            <comment>Centimetres - no decimals</comment>
                        </width>
                        <height translate="label">
                            <label>Parcel Height</label>
                            <frontend_type>text</frontend_type>
                            <sort_order>22</sort_order>
                            <show_in_default>1</show_in_default>
                            <show_in_website>1</show_in_website>
                            <show_in_store>1</show_in_store>
                            <comment>Centimetres - no decimals</comment>
                        </height>
                        <length translate="label">
                            <label>Parcel Length</label>
                            <frontend_type>text</frontend_type>
                            <sort_order>23</sort_order>
                            <show_in_default>1</show_in_default>
                            <show_in_website>1</show_in_website>
                            <show_in_store>1</show_in_store>
                            <comment>Centimetres - no decimals</comment>
                        </length>
                    </fields>
                </parcel>
                <consignement translate="label comment">
                    <label>Consignment Defaults</label>
                    <frontend_type>text</frontend_type>
                    <sort_order>20</sort_order>
                    <show_in_default>1</show_in_default>
                    <show_in_website>1</show_in_website>
                    <show_in_store>1</show_in_store>
                    <fields>
                        <is_signature_required translate="label">
                            <label>Is Signature Required ?</label>
                            <frontend_type>select</frontend_type>
                            <source_model>adminhtml/system_config_source_yesno</source_model>
                            <sort_order>10</sort_order>
                            <show_in_default>1</show_in_default>
                            <show_in_website>1</show_in_website>
                            <show_in_store>1</show_in_store>
                            <comment>Should signature be required by default ? Specific shipping methods will override this setting. Check cost of service on your Australia Post contract.</comment>
                        </is_signature_required>
                        <add_to_address_book translate="label">
                            <label>Add to Address Book ?</label>
                            <frontend_type>select</frontend_type>
                            <source_model>adminhtml/system_config_source_yesno</source_model>
                            <sort_order>20</sort_order>
                            <show_in_default>1</show_in_default>
                            <show_in_website>1</show_in_website>
                            <show_in_store>1</show_in_store>
                            <comment></comment>
                        </add_to_address_book>
                        <print_ref1 translate="label">
                            <label>Print Reference #1 ?</label>
                            <frontend_type>select</frontend_type>
                            <source_model>adminhtml/system_config_source_yesno</source_model>
                            <sort_order>30</sort_order>
                            <show_in_default>1</show_in_default>
                            <show_in_website>1</show_in_website>
                            <show_in_store>1</show_in_store>
                            <comment>Ref #1 contains the invoice number (if the order has been invoiced)</comment>
                        </print_ref1>
                        <print_ref2 translate="label">
                            <label>Print Reference #2 ?</label>
                            <frontend_type>select</frontend_type>
                            <source_model>adminhtml/system_config_source_yesno</source_model>
                            <sort_order>40</sort_order>
                            <show_in_default>1</show_in_default>
                            <show_in_website>1</show_in_website>
                            <show_in_store>1</show_in_store>
                            <comment>Ref #2 contains the order number</comment>
                        </print_ref2>
                    </fields>
                </consignement>
                <good translate="label comment">
                    <label>Good Defaults</label>
                    <frontend_type>text</frontend_type>
                    <sort_order>20</sort_order>
                    <show_in_default>1</show_in_default>
                    <show_in_website>1</show_in_website>
                    <show_in_store>1</show_in_store>
                    <fields>
                        <product_type translate="label">
                            <label>Product type</label>
                            <frontend_type>text</frontend_type>
                            <sort_order>10</sort_order>
                            <show_in_default>1</show_in_default>
                            <show_in_website>1</show_in_website>
                            <show_in_store>1</show_in_store>
                            <comment></comment>
                        </product_type>
                        <use_multiplegoodrecords translate="label">
                            <label>Use Multiple Good Records</label>
                            <frontend_type>select</frontend_type>
                            <source_model>adminhtml/system_config_source_yesno</source_model>
                            <sort_order>10</sort_order>
                            <show_in_default>1</show_in_default>
                            <show_in_website>1</show_in_website>
                            <show_in_store>1</show_in_store>
                            <comment>Sets whether to add each good as a row in the generated consignment (Yes) or just the last one (No). Leave as "No" unless otherwise advised by Australia Post.</comment>
                        </use_multiplegoodrecords>

                    </fields>
                </good>
                <charge_codes translate="label comment">
                    <label>Charge codes</label>
                    <frontend_type>text</frontend_type>
                    <sort_order>20</sort_order>
                    <show_in_default>1</show_in_default>
                    <show_in_website>1</show_in_website>
                    <show_in_store>1</show_in_store>
                    <fields>
                        <default_charge_code_individual translate="label">
                            <label>Default Charge Code (Individual)</label>
                            <frontend_type>text</frontend_type>
                            <sort_order>10</sort_order>
                            <show_in_default>1</show_in_default>
                            <show_in_website>1</show_in_website>
                            <show_in_store>1</show_in_store>
                            <comment>The default charge code for individuals. Will be overridden by values in your table rates.</comment>
                        </default_charge_code_individual>
                        <default_charge_code_business translate="label">
                            <label>Default Charge Code (Business)</label>
                            <frontend_type>text</frontend_type>
                            <sort_order>10</sort_order>
                            <show_in_default>1</show_in_default>
                            <show_in_website>1</show_in_website>
                            <show_in_store>1</show_in_store>
                            <comment>The default charge code for businesses, as defined by the customer groups below. Will be overridden by values in your table rates.</comment>
                        </default_charge_code_business>
                        <business_groups translate="label">
                            <label>Business Customer Groups</label>
                            <frontend_type>multiselect</frontend_type>
                            <source_model>adminhtml/system_config_source_customer_group</source_model>
                            <sort_order>50</sort_order>
                            <show_in_default>1</show_in_default>
                            <show_in_website>1</show_in_website>
                            <show_in_store>1</show_in_store>
                            <comment>The selected customer groups will use the "Business" version of the "Standard" and "Express" charge codes. Make sure your contract supports business (B2B) charge codes.</comment>
                        </business_groups>
                    </fields>
                </charge_codes>
                <email_notification translate="label comment">
                    <label>Email Notification</label>
                    <frontend_type>text</frontend_type>
                    <sort_order>40</sort_order>
                    <show_in_default>1</show_in_default>
                    <show_in_website>1</show_in_website>
                    <show_in_store>1</show_in_store>
                    <fields>
                        <enabled>
                            <label>Enabled</label>
                            <frontend_type>select</frontend_type>
                            <source_model>adminhtml/system_config_source_yesno</source_model>
                            <sort_order>10</sort_order>
                            <show_in_default>1</show_in_default>
                            <show_in_website>1</show_in_website>
                            <show_in_store>1</show_in_store>
                            <comment>Add the customer's email address to the CSV file.</comment>
                        </enabled>
                        <level>
                            <label>Notification Level</label>
                            <frontend_type>select</frontend_type>
                            <source_model>australia/config_emailNotificationLevel</source_model>
                            <sort_order>20</sort_order>
                            <show_in_default>1</show_in_default>
                            <show_in_website>1</show_in_website>
                            <show_in_store>1</show_in_store>
                            <comment>Set what kind of email notification the customer will receive.</comment>
                        </level>
                    </fields>
                </email_notification>
            </groups>
        </doghouse_eparcelexport>
    </sections>
</config>
