<?xml version="1.0"?>
<!--
/**
 * Cloud Image Zoom - Magento Extension
 *
 * @package     CloudZoom
 * @category    EcommerceTeam
 * @copyright   Copyright 2011 EcommerceTeam Inc. (http://www.ecommerce-team.com)
 * @version:    1.1.3
 */
-->
<config>
    <sections>
        <catalog translate="label">
            <groups>
                <cloudzoom>
                    <label>Cloud Image Zoom</label>
                    <frontend_type>text</frontend_type>
                    <sort_order>2</sort_order>
                    <show_in_default>1</show_in_default>
                    <show_in_website>1</show_in_website>
                    <show_in_store>1</show_in_store>
                    <fields>
                        <enabled translate="label">
                            <label>Enable Cloud Zoom</label>
                            <frontend_type>select</frontend_type>
                            <source_model>adminhtml/system_config_source_yesno</source_model>
                            <sort_order>1</sort_order>
                            <show_in_default>1</show_in_default>
                            <show_in_website>1</show_in_website>
                            <show_in_store>1</show_in_store>
                        </enabled>
                        <position translate="label">
                            <label>Position</label>
                            <frontend_type>select</frontend_type>
                            <source_model>ecommerceteam_cloudzoom/system_config_source_position</source_model>
                            <sort_order>5</sort_order>
                            <show_in_default>1</show_in_default>
                            <show_in_website>1</show_in_website>
                            <show_in_store>1</show_in_store>
                        </position>
                        <show_title translate="label">
                            <label>Show Title</label>
                            <frontend_type>select</frontend_type>
                            <source_model>adminhtml/system_config_source_yesno</source_model>
                            <sort_order>15</sort_order>
                            <show_in_default>1</show_in_default>
                            <show_in_website>1</show_in_website>
                            <show_in_store>1</show_in_store>
                        </show_title>
                        <title_opacity translate="label">
                            <label>Title Opacity %</label>
                            <frontend_type>text</frontend_type>
                            <sort_order>20</sort_order>
                            <show_in_default>1</show_in_default>
                            <show_in_website>1</show_in_website>
                            <show_in_store>1</show_in_store>
                        </title_opacity>
                        <lens_opacity translate="label">
                            <label>Lens Opacity %</label>
                            <frontend_type>text</frontend_type>
                            <sort_order>21</sort_order>
                            <show_in_default>1</show_in_default>
                            <show_in_website>1</show_in_website>
                            <show_in_store>1</show_in_store>
                        </lens_opacity>
                        <zoom_width translate="label">
                            <label>Zoom Width</label>
                            <comment>Leave empty for auto</comment>
                            <frontend_type>text</frontend_type>
                            <sort_order>25</sort_order>
                            <show_in_default>1</show_in_default>
                            <show_in_website>1</show_in_website>
                            <show_in_store>1</show_in_store>
                        </zoom_width>
                        <zoom_height translate="label">
                            <label>Zoom Height</label>
                            <comment>Leave empty for auto</comment>
                            <frontend_type>text</frontend_type>
                            <sort_order>30</sort_order>
                            <show_in_default>1</show_in_default>
                            <show_in_website>1</show_in_website>
                            <show_in_store>1</show_in_store>
                        </zoom_height>
                        <big_image_width>
                            <label>Big Image Width</label>
                            <frontend_type>text</frontend_type>
                            <sort_order>35</sort_order>
                            <show_in_default>1</show_in_default>
                            <show_in_website>1</show_in_website>
                            <show_in_store>1</show_in_store>
                        </big_image_width>
                        <big_image_height>
                            <label>Big Image Height</label>
                            <frontend_type>text</frontend_type>
                            <sort_order>40</sort_order>
                            <show_in_default>1</show_in_default>
                            <show_in_website>1</show_in_website>
                            <show_in_store>1</show_in_store>
                        </big_image_height>
                        <tint_color translate="label">
                            <label>Tinit Color</label>
                            <comment>Example: #aa00aa (empty for disable)</comment>
                            <frontend_type>text</frontend_type>
                            <sort_order>75</sort_order>
                            <show_in_default>1</show_in_default>
                            <show_in_website>1</show_in_website>
                            <show_in_store>1</show_in_store>
                        </tint_color>
                        <tint_opacity translate="label">
                            <label>Tint Opacity %</label>
                            <frontend_type>text</frontend_type>
                            <sort_order>100</sort_order>
                            <show_in_default>1</show_in_default>
                            <show_in_website>1</show_in_website>
                            <show_in_store>1</show_in_store>
                        </tint_opacity>
                    </fields>
                </cloudzoom>
            </groups>
        </catalog>
    </sections>
</config>
