<?xml version="1.0"?>
<config>
    <tabs>
        <templates_master translate="label" module="easytabs">
            <label>TM</label>
            <sort_order>196</sort_order>
        </templates_master>
    </tabs>
    <sections>
        <easy_tabs translate="label" module="easytabs">
            <label>Easy Tabs</label>
            <tab>templates_master</tab>
            <frontend_type>text</frontend_type>
            <sort_order>57</sort_order>
            <show_in_default>1</show_in_default>
            <show_in_website>1</show_in_website>
            <show_in_store>1</show_in_store>
            <groups>
                <general translate="label">
                    <label>General</label>
                    <frontend_type>text</frontend_type>
                    <sort_order>10</sort_order>
                    <show_in_default>1</show_in_default>
                    <show_in_website>1</show_in_website>
                    <show_in_store>1</show_in_store>
                    <fields>
                        <enabled translate="label">
                            <label>Enable easy tabs</label>
                            <frontend_type>select</frontend_type>
                            <source_model>adminhtml/system_config_source_yesno</source_model>
                            <sort_order>1</sort_order>
                            <show_in_default>1</show_in_default>
                            <show_in_website>1</show_in_website>
                            <show_in_store>1</show_in_store>
                        </enabled>
						<descriptiontabbed translate="label">
                            <label>Enable description tab</label>
                            <frontend_type>select</frontend_type>
                            <source_model>adminhtml/system_config_source_yesno</source_model>
                            <sort_order>2</sort_order>
                            <show_in_default>1</show_in_default>
                            <show_in_website>1</show_in_website>
                            <show_in_store>1</show_in_store>
                        </descriptiontabbed>
						<additionaltabbed translate="label">
                            <label>Enable additional info tab</label>
                            <frontend_type>select</frontend_type>
                            <source_model>adminhtml/system_config_source_yesno</source_model>
                            <sort_order>3</sort_order>
                            <show_in_default>1</show_in_default>
                            <show_in_website>1</show_in_website>
                            <show_in_store>1</show_in_store>
                        </additionaltabbed>
						<upsellproductstabbed translate="label">
                            <label>Enable upsell products tab</label>
                            <frontend_type>select</frontend_type>
                            <source_model>adminhtml/system_config_source_yesno</source_model>
                            <sort_order>4</sort_order>
                            <show_in_default>1</show_in_default>
                            <show_in_website>1</show_in_website>
                            <show_in_store>1</show_in_store>
                        </upsellproductstabbed>
						<relatedtabbed translate="label">
                            <label>Enable related products tab</label>
                            <frontend_type>select</frontend_type>
                            <source_model>adminhtml/system_config_source_yesno</source_model>
                            <sort_order>5</sort_order>
                            <show_in_default>1</show_in_default>
                            <show_in_website>1</show_in_website>
                            <show_in_store>1</show_in_store>
                        </relatedtabbed>
						<tagstabbed translate="label">
                            <label>Enable tags products tab</label>
                            <frontend_type>select</frontend_type>
                            <source_model>adminhtml/system_config_source_yesno</source_model>
                            <sort_order>6</sort_order>
                            <show_in_default>1</show_in_default>
                            <show_in_website>1</show_in_website>
                            <show_in_store>1</show_in_store>
                        </tagstabbed>
						<reviewtabbed translate="label">
                            <label>Enable product's review tab</label>
                            <frontend_type>select</frontend_type>
                            <source_model>adminhtml/system_config_source_yesno</source_model>
                            <sort_order>7</sort_order>
                            <show_in_default>1</show_in_default>
                            <show_in_website>1</show_in_website>
                            <show_in_store>1</show_in_store>
                        </reviewtabbed>
                    </fields>
                </general>
                <custom translate="label">
                    <label>Custom tabs</label>
                    <frontend_type>text</frontend_type>
                    <sort_order>20</sort_order>
                    <show_in_default>1</show_in_default>
                    <show_in_website>1</show_in_website>
                    <show_in_store>1</show_in_store>
                    <fields>
                       <customtab translate="label">
                            <label>Enable custom tab #1</label>
                            <frontend_type>select</frontend_type>
                            <source_model>adminhtml/system_config_source_yesno</source_model>
                            <sort_order>11</sort_order>
                            <show_in_default>1</show_in_default>
                            <show_in_website>1</show_in_website>
                            <show_in_store>1</show_in_store>
                        </customtab>
                        <customtabid translate="label comment">
                            <label>Custom tab #1 attribute id</label>
                            <comment>Show value of product attribute with following identifier</comment>
                            <frontend_type>text</frontend_type>
                            <sort_order>12</sort_order>
                            <show_in_default>1</show_in_default>
                            <show_in_website>1</show_in_website>
                            <show_in_store>1</show_in_store>
                        </customtabid>
                        <customtabname translate="label comment">
                            <label>Custom tab  #1 name</label>
                            <frontend_type>text</frontend_type>
                            <sort_order>13</sort_order>
                            <show_in_default>1</show_in_default>
                            <show_in_website>1</show_in_website>
                            <show_in_store>1</show_in_store>
                        </customtabname>   
                        <customtab1 translate="label">
                            <label>Enable custom tab #2</label>
                            <frontend_type>select</frontend_type>
                            <source_model>adminhtml/system_config_source_yesno</source_model>
                            <sort_order>21</sort_order>
                            <show_in_default>1</show_in_default>
                            <show_in_website>1</show_in_website>
                            <show_in_store>1</show_in_store>
                        </customtab1>
                        <customtabid1 translate="label comment">
                            <label>Custom tab #2 attribute</label>
                            <comment>Show value of product attribute with following identifier</comment>
                            <frontend_type>text</frontend_type>
                            <sort_order>22</sort_order>
                            <show_in_default>1</show_in_default>
                            <show_in_website>1</show_in_website>
                            <show_in_store>1</show_in_store>
                        </customtabid1>
                        <customtabname1 translate="label comment">
                            <label>Custom tab  #2 name</label>
                            <frontend_type>text</frontend_type>
                            <sort_order>23</sort_order>
                            <show_in_default>1</show_in_default>
                            <show_in_website>1</show_in_website>
                            <show_in_store>1</show_in_store>
                        </customtabname1>  				
                        <customtab2 translate="label">
                            <label>Enable custom tab #3</label>
                            <frontend_type>select</frontend_type>
                            <source_model>adminhtml/system_config_source_yesno</source_model>
                            <sort_order>31</sort_order>
                            <show_in_default>1</show_in_default>
                            <show_in_website>1</show_in_website>
                            <show_in_store>1</show_in_store>
                        </customtab2>
                        <customtabid2 translate="label comment">
                            <label>Custom tab #3 attribute</label>
                            <comment>Show value of product attribute with following identifier</comment>
                            <frontend_type>text</frontend_type>
                            <sort_order>32</sort_order>
                            <show_in_default>1</show_in_default>
                            <show_in_website>1</show_in_website>
                            <show_in_store>1</show_in_store>
                        </customtabid2>
                        <customtabname2 translate="label comment">
                            <label>Custom tab  #3 name</label>
                            <frontend_type>text</frontend_type>
                            <sort_order>33</sort_order>
                            <show_in_default>1</show_in_default>
                            <show_in_website>1</show_in_website>
                            <show_in_store>1</show_in_store>
                        </customtabname2>  		
                        <customtab3 translate="label">
                            <label>Enable custom tab #4</label>
                            <frontend_type>select</frontend_type>
                            <source_model>adminhtml/system_config_source_yesno</source_model>
                            <sort_order>41</sort_order>
                            <show_in_default>1</show_in_default>
                            <show_in_website>1</show_in_website>
                            <show_in_store>1</show_in_store>
                        </customtab3>
                        <customtabid3 translate="label comment">
                            <label>Custom tab #4 attribute id</label>
                            <comment>Show value of product attribute with following identifier</comment>
                            <frontend_type>text</frontend_type>
                            <sort_order>42</sort_order>
                            <show_in_default>1</show_in_default>
                            <show_in_website>1</show_in_website>
                            <show_in_store>1</show_in_store>
                        </customtabid3>
                        <customtabname3 translate="label comment">
                            <label>Custom tab  #4 name</label>
                            <frontend_type>text</frontend_type>
                            <sort_order>43</sort_order>
                            <show_in_default>1</show_in_default>
                            <show_in_website>1</show_in_website>
                            <show_in_store>1</show_in_store>
                        </customtabname3>
                        <customtab4 translate="label">
                            <label>Enable custom tab #5</label>
                            <frontend_type>select</frontend_type>
                            <source_model>adminhtml/system_config_source_yesno</source_model>
                            <sort_order>51</sort_order>
                            <show_in_default>1</show_in_default>
                            <show_in_website>1</show_in_website>
                            <show_in_store>1</show_in_store>
                        </customtab4>
                        <customtabid4 translate="label comment">
                            <label>Custom tab #5 attribute id</label>
                            <comment>Show value of product attribute with following identifier</comment>
                            <frontend_type>text</frontend_type>
                            <sort_order>52</sort_order>
                            <show_in_default>1</show_in_default>
                            <show_in_website>1</show_in_website>
                            <show_in_store>1</show_in_store>
                        </customtabid4>
                        <customtabname4 translate="label comment">
                            <label>Custom tab  #5 name</label>
                            <frontend_type>text</frontend_type>
                            <sort_order>53</sort_order>
                            <show_in_default>1</show_in_default>
                            <show_in_website>1</show_in_website>
                            <show_in_store>1</show_in_store>
                        </customtabname4>  						  												
                    </fields>
                </custom>
				
                <customcms translate="label">
                    <label>Additional CMS tabs</label>
                    <frontend_type>text</frontend_type>
                    <sort_order>30</sort_order>
                    <show_in_default>1</show_in_default>
                    <show_in_website>1</show_in_website>
                    <show_in_store>1</show_in_store>
                    <fields>
                       <tabcms translate="label">
                            <label>Enable cms tab #1</label>
                            <frontend_type>select</frontend_type>
                            <source_model>adminhtml/system_config_source_yesno</source_model>
                            <sort_order>11</sort_order>
                            <show_in_default>1</show_in_default>
                            <show_in_website>1</show_in_website>
                            <show_in_store>1</show_in_store>
                        </tabcms>
                        <tabidcms translate="label comment">
                            <label>CMS tab #1 block  id</label>
                            <comment>Show value of static block with following identifier</comment>
                            <frontend_type>text</frontend_type>
                            <sort_order>12</sort_order>
                            <show_in_default>1</show_in_default>
                            <show_in_website>1</show_in_website>
                            <show_in_store>1</show_in_store>
                        </tabidcms>
                        <tabnamecms translate="label comment">
                            <label>CMS tab #1 name</label>
                            <frontend_type>text</frontend_type>
                            <sort_order>13</sort_order>
                            <show_in_default>1</show_in_default>
                            <show_in_website>1</show_in_website>
                            <show_in_store>1</show_in_store>
                        </tabnamecms>   
                        <tabcms1 translate="label">
                            <label>Enable cms tab #2</label>
                            <frontend_type>select</frontend_type>
                            <source_model>adminhtml/system_config_source_yesno</source_model>
                            <sort_order>21</sort_order>
                            <show_in_default>1</show_in_default>
                            <show_in_website>1</show_in_website>
                            <show_in_store>1</show_in_store>
                        </tabcms1>
                        <tabidcms1 translate="label comment">
                            <label>CMS tab #2 block id</label>
                            <comment>Show value of pstatic block with following identifier</comment>
                            <frontend_type>text</frontend_type>
                            <sort_order>22</sort_order>
                            <show_in_default>1</show_in_default>
                            <show_in_website>1</show_in_website>
                            <show_in_store>1</show_in_store>
                        </tabidcms1>
                        <tabnamecms1 translate="label comment">
                            <label>CMS tab #2 name</label>
                            <frontend_type>text</frontend_type>
                            <sort_order>23</sort_order>
                            <show_in_default>1</show_in_default>
                            <show_in_website>1</show_in_website>
                            <show_in_store>1</show_in_store>
                        </tabnamecms1>  				
                        <tabcms2 translate="label">
                            <label>Enable cms tab #3</label>
                            <frontend_type>select</frontend_type>
                            <source_model>adminhtml/system_config_source_yesno</source_model>
                            <sort_order>31</sort_order>
                            <show_in_default>1</show_in_default>
                            <show_in_website>1</show_in_website>
                            <show_in_store>1</show_in_store>
                        </tabcms2>
                        <tabidcms2 translate="label comment">
                            <label>CMS tab #3 block id</label>
                            <comment>Show value of static block with following identifier</comment>
                            <frontend_type>text</frontend_type>
                            <sort_order>32</sort_order>
                            <show_in_default>1</show_in_default>
                            <show_in_website>1</show_in_website>
                            <show_in_store>1</show_in_store>
                        </tabidcms2>
                        <tabnamecms2 translate="label comment">
                            <label>CMS tab #3 name</label>
                            <frontend_type>text</frontend_type>
                            <sort_order>33</sort_order>
                            <show_in_default>1</show_in_default>
                            <show_in_website>1</show_in_website>
                            <show_in_store>1</show_in_store>
                        </tabnamecms2>  		
                        <tabcms3 translate="label">
                            <label>Enable cms tab #4</label>
                            <frontend_type>select</frontend_type>
                            <source_model>adminhtml/system_config_source_yesno</source_model>
                            <sort_order>41</sort_order>
                            <show_in_default>1</show_in_default>
                            <show_in_website>1</show_in_website>
                            <show_in_store>1</show_in_store>
                        </tabcms3>
                        <tabidcms3 translate="label comment">
                            <label>CMS tab #4 block id</label>
                            <comment>Show value of static block with following identifier</comment>
                            <frontend_type>text</frontend_type>
                            <sort_order>42</sort_order>
                            <show_in_default>1</show_in_default>
                            <show_in_website>1</show_in_website>
                            <show_in_store>1</show_in_store>
                        </tabidcms3>
                        <tabnamecms3 translate="label comment">
                            <label>CMS tab  #4 name</label>
                            <frontend_type>text</frontend_type>
                            <sort_order>43</sort_order>
                            <show_in_default>1</show_in_default>
                            <show_in_website>1</show_in_website>
                            <show_in_store>1</show_in_store>
                        </tabnamecms3>
                        <tabcms4 translate="label">
                            <label>Enable cms tab #5</label>
                            <frontend_type>select</frontend_type>
                            <source_model>adminhtml/system_config_source_yesno</source_model>
                            <sort_order>51</sort_order>
                            <show_in_default>1</show_in_default>
                            <show_in_website>1</show_in_website>
                            <show_in_store>1</show_in_store>
                        </tabcms4>
                        <tabidcms4 translate="label comment">
                            <label>CMS tab #5 id</label>
                            <comment>Show value of static block with following identifier</comment>
                            <frontend_type>text</frontend_type>
                            <sort_order>52</sort_order>
                            <show_in_default>1</show_in_default>
                            <show_in_website>1</show_in_website>
                            <show_in_store>1</show_in_store>
                        </tabidcms4>
                        <tabnamecms4 translate="label comment">
                            <label>CMS tab #5 name</label>
                            <frontend_type>text</frontend_type>
                            <sort_order>53</sort_order>
                            <show_in_default>1</show_in_default>
                            <show_in_website>1</show_in_website>
                            <show_in_store>1</show_in_store>
                        </tabnamecms4>  						  												
                    </fields>
                </customcms>				
            </groups>
        </easy_tabs>
    </sections>
</config>